image_path,actual_class,predicted_class,confidence,correct,blight_gray_confusion
C:\Users\Administrator\Downloads\Plant Health Maize Project\corn_pathology_ai-main\dataset_split\validation\Blight\Corn_Blight (1).jpg,Blight,Blight,0.795023,True,False
C:\Users\Administrator\Downloads\Plant Health Maize Project\corn_pathology_ai-main\dataset_split\validation\Blight\Corn_Blight (101).jpg,Blight,Gray_Leaf_Spot,0.463111,False,True
C:\Users\Administrator\Downloads\Plant Health Maize Project\corn_pathology_ai-main\dataset_split\validation\Blight\Corn_Blight (1016).JPG,Blight,Blight,0.973800,True,False
C:\Users\Administrator\Downloads\Plant Health Maize Project\corn_pathology_ai-main\dataset_split\validation\Blight\Corn_Blight (1026).JPG,Blight,Blight,0.945647,True,False
C:\Users\Administrator\Downloads\Plant Health Maize Project\corn_pathology_ai-main\dataset_split\validation\Blight\Corn_Blight (1028).JPG,Blight,Blight,0.984538,True,False
C:\Users\Administrator\Downloads\Plant Health Maize Project\corn_pathology_ai-main\dataset_split\validation\Blight\Corn_Blight (1029).JPG,Blight,Gray_Leaf_Spot,0.495072,False,True
C:\Users\Administrator\Downloads\Plant Health Maize Project\corn_pathology_ai-main\dataset_split\validation\Blight\Corn_Blight (1030).jpg,Blight,Blight,0.894706,True,False
C:\Users\Administrator\Downloads\Plant Health Maize Project\corn_pathology_ai-main\dataset_split\validation\Blight\Corn_Blight (1044).JPG,Blight,Blight,0.862947,True,False
C:\Users\Administrator\Downloads\Plant Health Maize Project\corn_pathology_ai-main\dataset_split\validation\Blight\Corn_Blight (1045).JPG,Blight,Blight,0.859497,True,False
C:\Users\Administrator\Downloads\Plant Health Maize Project\corn_pathology_ai-main\dataset_split\validation\Blight\Corn_Blight (1055).JPG,Blight,Blight,0.998509,True,False
C:\Users\Administrator\Downloads\Plant Health Maize Project\corn_pathology_ai-main\dataset_split\validation\Blight\Corn_Blight (1076).jpg,Blight,Blight,0.905282,True,False
C:\Users\Administrator\Downloads\Plant Health Maize Project\corn_pathology_ai-main\dataset_split\validation\Blight\Corn_Blight (108).jpg,Blight,Blight,0.796181,True,False
C:\Users\Administrator\Downloads\Plant Health Maize Project\corn_pathology_ai-main\dataset_split\validation\Blight\Corn_Blight (1083).JPG,Blight,Blight,0.987875,True,False
C:\Users\Administrator\Downloads\Plant Health Maize Project\corn_pathology_ai-main\dataset_split\validation\Blight\Corn_Blight (1086).JPG,Blight,Gray_Leaf_Spot,0.483716,False,True
C:\Users\Administrator\Downloads\Plant Health Maize Project\corn_pathology_ai-main\dataset_split\validation\Blight\Corn_Blight (1098).jpg,Blight,Blight,0.789392,True,False
C:\Users\Administrator\Downloads\Plant Health Maize Project\corn_pathology_ai-main\dataset_split\validation\Blight\Corn_Blight (1099).jpg,Blight,Blight,0.378515,True,False
C:\Users\Administrator\Downloads\Plant Health Maize Project\corn_pathology_ai-main\dataset_split\validation\Blight\Corn_Blight (1107).jpg,Blight,Blight,0.500551,True,False
C:\Users\Administrator\Downloads\Plant Health Maize Project\corn_pathology_ai-main\dataset_split\validation\Blight\Corn_Blight (113).JPG,Blight,Gray_Leaf_Spot,0.491929,False,True
C:\Users\Administrator\Downloads\Plant Health Maize Project\corn_pathology_ai-main\dataset_split\validation\Blight\Corn_Blight (1130).jpg,Blight,Healthy,0.496002,False,False
C:\Users\Administrator\Downloads\Plant Health Maize Project\corn_pathology_ai-main\dataset_split\validation\Blight\Corn_Blight (1143).jpg,Blight,Common_Rust,0.895403,False,False
C:\Users\Administrator\Downloads\Plant Health Maize Project\corn_pathology_ai-main\dataset_split\validation\Blight\Corn_Blight (132).JPG,Blight,Blight,0.998805,True,False
C:\Users\Administrator\Downloads\Plant Health Maize Project\corn_pathology_ai-main\dataset_split\validation\Blight\Corn_Blight (135).JPG,Blight,Blight,0.965001,True,False
C:\Users\Administrator\Downloads\Plant Health Maize Project\corn_pathology_ai-main\dataset_split\validation\Blight\Corn_Blight (136).JPG,Blight,Blight,0.908048,True,False
C:\Users\Administrator\Downloads\Plant Health Maize Project\corn_pathology_ai-main\dataset_split\validation\Blight\Corn_Blight (142).JPG,Blight,Blight,0.995473,True,False
C:\Users\Administrator\Downloads\Plant Health Maize Project\corn_pathology_ai-main\dataset_split\validation\Blight\Corn_Blight (145).JPG,Blight,Blight,0.817008,True,False
C:\Users\Administrator\Downloads\Plant Health Maize Project\corn_pathology_ai-main\dataset_split\validation\Blight\Corn_Blight (148).JPG,Blight,Blight,0.711689,True,False
C:\Users\Administrator\Downloads\Plant Health Maize Project\corn_pathology_ai-main\dataset_split\validation\Blight\Corn_Blight (152).JPG,Blight,Blight,0.996013,True,False
C:\Users\Administrator\Downloads\Plant Health Maize Project\corn_pathology_ai-main\dataset_split\validation\Blight\Corn_Blight (153).JPG,Blight,Blight,0.935808,True,False
C:\Users\Administrator\Downloads\Plant Health Maize Project\corn_pathology_ai-main\dataset_split\validation\Blight\Corn_Blight (17).jpg,Blight,Gray_Leaf_Spot,0.386678,False,True
C:\Users\Administrator\Downloads\Plant Health Maize Project\corn_pathology_ai-main\dataset_split\validation\Blight\Corn_Blight (170).JPG,Blight,Blight,0.970179,True,False
C:\Users\Administrator\Downloads\Plant Health Maize Project\corn_pathology_ai-main\dataset_split\validation\Blight\Corn_Blight (174).JPG,Blight,Blight,0.969770,True,False
C:\Users\Administrator\Downloads\Plant Health Maize Project\corn_pathology_ai-main\dataset_split\validation\Blight\Corn_Blight (177).JPG,Blight,Blight,0.997858,True,False
C:\Users\Administrator\Downloads\Plant Health Maize Project\corn_pathology_ai-main\dataset_split\validation\Blight\Corn_Blight (178).jpg,Blight,Blight,0.858973,True,False
C:\Users\Administrator\Downloads\Plant Health Maize Project\corn_pathology_ai-main\dataset_split\validation\Blight\Corn_Blight (185).JPG,Blight,Blight,0.988318,True,False
C:\Users\Administrator\Downloads\Plant Health Maize Project\corn_pathology_ai-main\dataset_split\validation\Blight\Corn_Blight (186).JPG,Blight,Blight,0.996641,True,False
C:\Users\Administrator\Downloads\Plant Health Maize Project\corn_pathology_ai-main\dataset_split\validation\Blight\Corn_Blight (196).JPG,Blight,Blight,0.990990,True,False
C:\Users\Administrator\Downloads\Plant Health Maize Project\corn_pathology_ai-main\dataset_split\validation\Blight\Corn_Blight (20).jpg,Blight,Blight,0.962255,True,False
C:\Users\Administrator\Downloads\Plant Health Maize Project\corn_pathology_ai-main\dataset_split\validation\Blight\Corn_Blight (203).JPG,Blight,Gray_Leaf_Spot,0.771265,False,True
C:\Users\Administrator\Downloads\Plant Health Maize Project\corn_pathology_ai-main\dataset_split\validation\Blight\Corn_Blight (208).jpg,Blight,Blight,0.980303,True,False
C:\Users\Administrator\Downloads\Plant Health Maize Project\corn_pathology_ai-main\dataset_split\validation\Blight\Corn_Blight (216).JPG,Blight,Blight,0.981336,True,False
C:\Users\Administrator\Downloads\Plant Health Maize Project\corn_pathology_ai-main\dataset_split\validation\Blight\Corn_Blight (222).JPG,Blight,Blight,0.898236,True,False
C:\Users\Administrator\Downloads\Plant Health Maize Project\corn_pathology_ai-main\dataset_split\validation\Blight\Corn_Blight (231).JPG,Blight,Blight,0.888137,True,False
C:\Users\Administrator\Downloads\Plant Health Maize Project\corn_pathology_ai-main\dataset_split\validation\Blight\Corn_Blight (235).JPG,Blight,Blight,0.899977,True,False
C:\Users\Administrator\Downloads\Plant Health Maize Project\corn_pathology_ai-main\dataset_split\validation\Blight\Corn_Blight (240).JPG,Blight,Blight,0.955393,True,False
C:\Users\Administrator\Downloads\Plant Health Maize Project\corn_pathology_ai-main\dataset_split\validation\Blight\Corn_Blight (253).JPG,Blight,Gray_Leaf_Spot,0.518538,False,True
C:\Users\Administrator\Downloads\Plant Health Maize Project\corn_pathology_ai-main\dataset_split\validation\Blight\Corn_Blight (260).JPG,Blight,Blight,0.813845,True,False
C:\Users\Administrator\Downloads\Plant Health Maize Project\corn_pathology_ai-main\dataset_split\validation\Blight\Corn_Blight (271).JPG,Blight,Blight,0.907375,True,False
C:\Users\Administrator\Downloads\Plant Health Maize Project\corn_pathology_ai-main\dataset_split\validation\Blight\Corn_Blight (290).JPG,Blight,Blight,0.994353,True,False
C:\Users\Administrator\Downloads\Plant Health Maize Project\corn_pathology_ai-main\dataset_split\validation\Blight\Corn_Blight (296).JPG,Blight,Blight,0.998173,True,False
C:\Users\Administrator\Downloads\Plant Health Maize Project\corn_pathology_ai-main\dataset_split\validation\Blight\Corn_Blight (303).jpg,Blight,Blight,0.883367,True,False
C:\Users\Administrator\Downloads\Plant Health Maize Project\corn_pathology_ai-main\dataset_split\validation\Blight\Corn_Blight (304).jpg,Blight,Blight,0.957672,True,False
C:\Users\Administrator\Downloads\Plant Health Maize Project\corn_pathology_ai-main\dataset_split\validation\Blight\Corn_Blight (309).jpg,Blight,Blight,0.828798,True,False
C:\Users\Administrator\Downloads\Plant Health Maize Project\corn_pathology_ai-main\dataset_split\validation\Blight\Corn_Blight (313).JPG,Blight,Blight,0.919309,True,False
C:\Users\Administrator\Downloads\Plant Health Maize Project\corn_pathology_ai-main\dataset_split\validation\Blight\Corn_Blight (314).JPG,Blight,Gray_Leaf_Spot,0.832918,False,True
C:\Users\Administrator\Downloads\Plant Health Maize Project\corn_pathology_ai-main\dataset_split\validation\Blight\Corn_Blight (316).JPG,Blight,Blight,0.833843,True,False
C:\Users\Administrator\Downloads\Plant Health Maize Project\corn_pathology_ai-main\dataset_split\validation\Blight\Corn_Blight (32).jpg,Blight,Blight,0.761227,True,False
C:\Users\Administrator\Downloads\Plant Health Maize Project\corn_pathology_ai-main\dataset_split\validation\Blight\Corn_Blight (33).jpg,Blight,Blight,0.779606,True,False
C:\Users\Administrator\Downloads\Plant Health Maize Project\corn_pathology_ai-main\dataset_split\validation\Blight\Corn_Blight (330).JPG,Blight,Blight,0.987496,True,False
C:\Users\Administrator\Downloads\Plant Health Maize Project\corn_pathology_ai-main\dataset_split\validation\Blight\Corn_Blight (337).JPG,Blight,Blight,0.768139,True,False
C:\Users\Administrator\Downloads\Plant Health Maize Project\corn_pathology_ai-main\dataset_split\validation\Blight\Corn_Blight (344).JPG,Blight,Blight,0.781277,True,False
C:\Users\Administrator\Downloads\Plant Health Maize Project\corn_pathology_ai-main\dataset_split\validation\Blight\Corn_Blight (345).JPG,Blight,Blight,0.655287,True,False
C:\Users\Administrator\Downloads\Plant Health Maize Project\corn_pathology_ai-main\dataset_split\validation\Blight\Corn_Blight (347).JPG,Blight,Blight,0.995398,True,False
C:\Users\Administrator\Downloads\Plant Health Maize Project\corn_pathology_ai-main\dataset_split\validation\Blight\Corn_Blight (375).JPG,Blight,Blight,0.959938,True,False
C:\Users\Administrator\Downloads\Plant Health Maize Project\corn_pathology_ai-main\dataset_split\validation\Blight\Corn_Blight (381).JPG,Blight,Blight,0.934602,True,False
C:\Users\Administrator\Downloads\Plant Health Maize Project\corn_pathology_ai-main\dataset_split\validation\Blight\Corn_Blight (385).JPG,Blight,Blight,0.796256,True,False
C:\Users\Administrator\Downloads\Plant Health Maize Project\corn_pathology_ai-main\dataset_split\validation\Blight\Corn_Blight (392).JPG,Blight,Blight,0.781587,True,False
C:\Users\Administrator\Downloads\Plant Health Maize Project\corn_pathology_ai-main\dataset_split\validation\Blight\Corn_Blight (403).JPG,Blight,Gray_Leaf_Spot,0.698764,False,True
C:\Users\Administrator\Downloads\Plant Health Maize Project\corn_pathology_ai-main\dataset_split\validation\Blight\Corn_Blight (407).JPG,Blight,Blight,0.723215,True,False
C:\Users\Administrator\Downloads\Plant Health Maize Project\corn_pathology_ai-main\dataset_split\validation\Blight\Corn_Blight (410).JPG,Blight,Blight,0.983448,True,False
C:\Users\Administrator\Downloads\Plant Health Maize Project\corn_pathology_ai-main\dataset_split\validation\Blight\Corn_Blight (414).JPG,Blight,Gray_Leaf_Spot,0.885443,False,True
C:\Users\Administrator\Downloads\Plant Health Maize Project\corn_pathology_ai-main\dataset_split\validation\Blight\Corn_Blight (42).jpg,Blight,Healthy,0.955158,False,False
C:\Users\Administrator\Downloads\Plant Health Maize Project\corn_pathology_ai-main\dataset_split\validation\Blight\Corn_Blight (422).jpg,Blight,Blight,0.945544,True,False
C:\Users\Administrator\Downloads\Plant Health Maize Project\corn_pathology_ai-main\dataset_split\validation\Blight\Corn_Blight (425).JPG,Blight,Blight,0.989452,True,False
C:\Users\Administrator\Downloads\Plant Health Maize Project\corn_pathology_ai-main\dataset_split\validation\Blight\Corn_Blight (46).jpg,Blight,Blight,0.711942,True,False
C:\Users\Administrator\Downloads\Plant Health Maize Project\corn_pathology_ai-main\dataset_split\validation\Blight\Corn_Blight (463).JPG,Blight,Blight,0.988596,True,False
C:\Users\Administrator\Downloads\Plant Health Maize Project\corn_pathology_ai-main\dataset_split\validation\Blight\Corn_Blight (474).JPG,Blight,Blight,0.959940,True,False
C:\Users\Administrator\Downloads\Plant Health Maize Project\corn_pathology_ai-main\dataset_split\validation\Blight\Corn_Blight (49).jpg,Blight,Blight,0.338435,True,False
C:\Users\Administrator\Downloads\Plant Health Maize Project\corn_pathology_ai-main\dataset_split\validation\Blight\Corn_Blight (496).JPG,Blight,Blight,0.944423,True,False
C:\Users\Administrator\Downloads\Plant Health Maize Project\corn_pathology_ai-main\dataset_split\validation\Blight\Corn_Blight (514).JPG,Blight,Blight,0.989785,True,False
C:\Users\Administrator\Downloads\Plant Health Maize Project\corn_pathology_ai-main\dataset_split\validation\Blight\Corn_Blight (515).JPG,Blight,Blight,0.958180,True,False
C:\Users\Administrator\Downloads\Plant Health Maize Project\corn_pathology_ai-main\dataset_split\validation\Blight\Corn_Blight (519).JPG,Blight,Blight,0.927871,True,False
C:\Users\Administrator\Downloads\Plant Health Maize Project\corn_pathology_ai-main\dataset_split\validation\Blight\Corn_Blight (532).JPG,Blight,Blight,0.841868,True,False
C:\Users\Administrator\Downloads\Plant Health Maize Project\corn_pathology_ai-main\dataset_split\validation\Blight\Corn_Blight (541).jpg,Blight,Gray_Leaf_Spot,0.632359,False,True
C:\Users\Administrator\Downloads\Plant Health Maize Project\corn_pathology_ai-main\dataset_split\validation\Blight\Corn_Blight (543).JPG,Blight,Blight,0.974549,True,False
C:\Users\Administrator\Downloads\Plant Health Maize Project\corn_pathology_ai-main\dataset_split\validation\Blight\Corn_Blight (544).JPG,Blight,Blight,0.985496,True,False
C:\Users\Administrator\Downloads\Plant Health Maize Project\corn_pathology_ai-main\dataset_split\validation\Blight\Corn_Blight (545).JPG,Blight,Blight,0.962442,True,False
C:\Users\Administrator\Downloads\Plant Health Maize Project\corn_pathology_ai-main\dataset_split\validation\Blight\Corn_Blight (546).JPG,Blight,Blight,0.998223,True,False
C:\Users\Administrator\Downloads\Plant Health Maize Project\corn_pathology_ai-main\dataset_split\validation\Blight\Corn_Blight (550).jpg,Blight,Blight,0.998795,True,False
C:\Users\Administrator\Downloads\Plant Health Maize Project\corn_pathology_ai-main\dataset_split\validation\Blight\Corn_Blight (551).JPG,Blight,Blight,0.701990,True,False
C:\Users\Administrator\Downloads\Plant Health Maize Project\corn_pathology_ai-main\dataset_split\validation\Blight\Corn_Blight (560).JPG,Blight,Blight,0.957842,True,False
C:\Users\Administrator\Downloads\Plant Health Maize Project\corn_pathology_ai-main\dataset_split\validation\Blight\Corn_Blight (561).jpg,Blight,Blight,0.963364,True,False
C:\Users\Administrator\Downloads\Plant Health Maize Project\corn_pathology_ai-main\dataset_split\validation\Blight\Corn_Blight (570).JPG,Blight,Blight,0.989922,True,False
C:\Users\Administrator\Downloads\Plant Health Maize Project\corn_pathology_ai-main\dataset_split\validation\Blight\Corn_Blight (577).JPG,Blight,Blight,0.988621,True,False
C:\Users\Administrator\Downloads\Plant Health Maize Project\corn_pathology_ai-main\dataset_split\validation\Blight\Corn_Blight (581).JPG,Blight,Blight,0.946438,True,False
C:\Users\Administrator\Downloads\Plant Health Maize Project\corn_pathology_ai-main\dataset_split\validation\Blight\Corn_Blight (598).JPG,Blight,Blight,0.871063,True,False
C:\Users\Administrator\Downloads\Plant Health Maize Project\corn_pathology_ai-main\dataset_split\validation\Blight\Corn_Blight (60).jpg,Blight,Healthy,0.829209,False,False
C:\Users\Administrator\Downloads\Plant Health Maize Project\corn_pathology_ai-main\dataset_split\validation\Blight\Corn_Blight (602).JPG,Blight,Blight,0.672793,True,False
C:\Users\Administrator\Downloads\Plant Health Maize Project\corn_pathology_ai-main\dataset_split\validation\Blight\Corn_Blight (606).JPG,Blight,Gray_Leaf_Spot,0.541382,False,True
C:\Users\Administrator\Downloads\Plant Health Maize Project\corn_pathology_ai-main\dataset_split\validation\Blight\Corn_Blight (607).JPG,Blight,Blight,0.714923,True,False
C:\Users\Administrator\Downloads\Plant Health Maize Project\corn_pathology_ai-main\dataset_split\validation\Blight\Corn_Blight (615).JPG,Blight,Blight,0.994065,True,False
C:\Users\Administrator\Downloads\Plant Health Maize Project\corn_pathology_ai-main\dataset_split\validation\Blight\Corn_Blight (620).JPG,Blight,Blight,0.774203,True,False
C:\Users\Administrator\Downloads\Plant Health Maize Project\corn_pathology_ai-main\dataset_split\validation\Blight\Corn_Blight (642).JPG,Blight,Blight,0.942966,True,False
C:\Users\Administrator\Downloads\Plant Health Maize Project\corn_pathology_ai-main\dataset_split\validation\Blight\Corn_Blight (644).JPG,Blight,Blight,0.938035,True,False
C:\Users\Administrator\Downloads\Plant Health Maize Project\corn_pathology_ai-main\dataset_split\validation\Blight\Corn_Blight (660).JPG,Blight,Blight,0.991386,True,False
C:\Users\Administrator\Downloads\Plant Health Maize Project\corn_pathology_ai-main\dataset_split\validation\Blight\Corn_Blight (666).JPG,Blight,Gray_Leaf_Spot,0.386706,False,True
C:\Users\Administrator\Downloads\Plant Health Maize Project\corn_pathology_ai-main\dataset_split\validation\Blight\Corn_Blight (680).JPG,Blight,Blight,0.861413,True,False
C:\Users\Administrator\Downloads\Plant Health Maize Project\corn_pathology_ai-main\dataset_split\validation\Blight\Corn_Blight (683).JPG,Blight,Blight,0.991971,True,False
C:\Users\Administrator\Downloads\Plant Health Maize Project\corn_pathology_ai-main\dataset_split\validation\Blight\Corn_Blight (689).JPG,Blight,Blight,0.952810,True,False
C:\Users\Administrator\Downloads\Plant Health Maize Project\corn_pathology_ai-main\dataset_split\validation\Blight\Corn_Blight (694).JPG,Blight,Gray_Leaf_Spot,0.663635,False,True
C:\Users\Administrator\Downloads\Plant Health Maize Project\corn_pathology_ai-main\dataset_split\validation\Blight\Corn_Blight (704).JPG,Blight,Blight,0.937347,True,False
C:\Users\Administrator\Downloads\Plant Health Maize Project\corn_pathology_ai-main\dataset_split\validation\Blight\Corn_Blight (72).jpg,Blight,Blight,0.637014,True,False
C:\Users\Administrator\Downloads\Plant Health Maize Project\corn_pathology_ai-main\dataset_split\validation\Blight\Corn_Blight (720).jpg,Blight,Blight,0.965325,True,False
C:\Users\Administrator\Downloads\Plant Health Maize Project\corn_pathology_ai-main\dataset_split\validation\Blight\Corn_Blight (724).JPG,Blight,Blight,0.926250,True,False
C:\Users\Administrator\Downloads\Plant Health Maize Project\corn_pathology_ai-main\dataset_split\validation\Blight\Corn_Blight (737).JPG,Blight,Blight,0.988168,True,False
C:\Users\Administrator\Downloads\Plant Health Maize Project\corn_pathology_ai-main\dataset_split\validation\Blight\Corn_Blight (742).JPG,Blight,Blight,0.997919,True,False
C:\Users\Administrator\Downloads\Plant Health Maize Project\corn_pathology_ai-main\dataset_split\validation\Blight\Corn_Blight (745).JPG,Blight,Blight,0.992637,True,False
C:\Users\Administrator\Downloads\Plant Health Maize Project\corn_pathology_ai-main\dataset_split\validation\Blight\Corn_Blight (749).JPG,Blight,Blight,0.997527,True,False
C:\Users\Administrator\Downloads\Plant Health Maize Project\corn_pathology_ai-main\dataset_split\validation\Blight\Corn_Blight (750).JPG,Blight,Blight,0.980891,True,False
C:\Users\Administrator\Downloads\Plant Health Maize Project\corn_pathology_ai-main\dataset_split\validation\Blight\Corn_Blight (751).JPG,Blight,Blight,0.971157,True,False
C:\Users\Administrator\Downloads\Plant Health Maize Project\corn_pathology_ai-main\dataset_split\validation\Blight\Corn_Blight (752).JPG,Blight,Gray_Leaf_Spot,0.822818,False,True
C:\Users\Administrator\Downloads\Plant Health Maize Project\corn_pathology_ai-main\dataset_split\validation\Blight\Corn_Blight (759).JPG,Blight,Blight,0.991629,True,False
C:\Users\Administrator\Downloads\Plant Health Maize Project\corn_pathology_ai-main\dataset_split\validation\Blight\Corn_Blight (771).JPG,Blight,Blight,0.931026,True,False
C:\Users\Administrator\Downloads\Plant Health Maize Project\corn_pathology_ai-main\dataset_split\validation\Blight\Corn_Blight (773).JPG,Blight,Blight,0.975309,True,False
C:\Users\Administrator\Downloads\Plant Health Maize Project\corn_pathology_ai-main\dataset_split\validation\Blight\Corn_Blight (775).JPG,Blight,Blight,0.913375,True,False
C:\Users\Administrator\Downloads\Plant Health Maize Project\corn_pathology_ai-main\dataset_split\validation\Blight\Corn_Blight (785).JPG,Blight,Blight,0.926250,True,False
C:\Users\Administrator\Downloads\Plant Health Maize Project\corn_pathology_ai-main\dataset_split\validation\Blight\Corn_Blight (792).JPG,Blight,Blight,0.948988,True,False
C:\Users\Administrator\Downloads\Plant Health Maize Project\corn_pathology_ai-main\dataset_split\validation\Blight\Corn_Blight (795).JPG,Blight,Blight,0.997222,True,False
C:\Users\Administrator\Downloads\Plant Health Maize Project\corn_pathology_ai-main\dataset_split\validation\Blight\Corn_Blight (805).JPG,Blight,Blight,0.954132,True,False
C:\Users\Administrator\Downloads\Plant Health Maize Project\corn_pathology_ai-main\dataset_split\validation\Blight\Corn_Blight (807).JPG,Blight,Gray_Leaf_Spot,0.739461,False,True
C:\Users\Administrator\Downloads\Plant Health Maize Project\corn_pathology_ai-main\dataset_split\validation\Blight\Corn_Blight (816).JPG,Blight,Blight,0.972011,True,False
C:\Users\Administrator\Downloads\Plant Health Maize Project\corn_pathology_ai-main\dataset_split\validation\Blight\Corn_Blight (823).JPG,Blight,Blight,0.998002,True,False
C:\Users\Administrator\Downloads\Plant Health Maize Project\corn_pathology_ai-main\dataset_split\validation\Blight\Corn_Blight (825).JPG,Blight,Blight,0.919202,True,False
C:\Users\Administrator\Downloads\Plant Health Maize Project\corn_pathology_ai-main\dataset_split\validation\Blight\Corn_Blight (828).JPG,Blight,Blight,0.994673,True,False
C:\Users\Administrator\Downloads\Plant Health Maize Project\corn_pathology_ai-main\dataset_split\validation\Blight\Corn_Blight (829).JPG,Blight,Blight,0.868383,True,False
C:\Users\Administrator\Downloads\Plant Health Maize Project\corn_pathology_ai-main\dataset_split\validation\Blight\Corn_Blight (83).jpg,Blight,Blight,0.475367,True,False
C:\Users\Administrator\Downloads\Plant Health Maize Project\corn_pathology_ai-main\dataset_split\validation\Blight\Corn_Blight (833).JPG,Blight,Blight,0.989767,True,False
C:\Users\Administrator\Downloads\Plant Health Maize Project\corn_pathology_ai-main\dataset_split\validation\Blight\Corn_Blight (839).JPG,Blight,Blight,0.727656,True,False
C:\Users\Administrator\Downloads\Plant Health Maize Project\corn_pathology_ai-main\dataset_split\validation\Blight\Corn_Blight (840).JPG,Blight,Blight,0.938346,True,False
C:\Users\Administrator\Downloads\Plant Health Maize Project\corn_pathology_ai-main\dataset_split\validation\Blight\Corn_Blight (843).JPG,Blight,Blight,0.986844,True,False
C:\Users\Administrator\Downloads\Plant Health Maize Project\corn_pathology_ai-main\dataset_split\validation\Blight\Corn_Blight (855).JPG,Blight,Gray_Leaf_Spot,0.542048,False,True
C:\Users\Administrator\Downloads\Plant Health Maize Project\corn_pathology_ai-main\dataset_split\validation\Blight\Corn_Blight (862).JPG,Blight,Blight,0.829335,True,False
C:\Users\Administrator\Downloads\Plant Health Maize Project\corn_pathology_ai-main\dataset_split\validation\Blight\Corn_Blight (864).JPG,Blight,Gray_Leaf_Spot,0.551446,False,True
C:\Users\Administrator\Downloads\Plant Health Maize Project\corn_pathology_ai-main\dataset_split\validation\Blight\Corn_Blight (868).JPG,Blight,Blight,0.984912,True,False
C:\Users\Administrator\Downloads\Plant Health Maize Project\corn_pathology_ai-main\dataset_split\validation\Blight\Corn_Blight (872).JPG,Blight,Blight,0.651627,True,False
C:\Users\Administrator\Downloads\Plant Health Maize Project\corn_pathology_ai-main\dataset_split\validation\Blight\Corn_Blight (873).JPG,Blight,Blight,0.996563,True,False
C:\Users\Administrator\Downloads\Plant Health Maize Project\corn_pathology_ai-main\dataset_split\validation\Blight\Corn_Blight (885).JPG,Blight,Blight,0.781938,True,False
C:\Users\Administrator\Downloads\Plant Health Maize Project\corn_pathology_ai-main\dataset_split\validation\Blight\Corn_Blight (893).JPG,Blight,Blight,0.991661,True,False
C:\Users\Administrator\Downloads\Plant Health Maize Project\corn_pathology_ai-main\dataset_split\validation\Blight\Corn_Blight (895).JPG,Blight,Blight,0.974938,True,False
C:\Users\Administrator\Downloads\Plant Health Maize Project\corn_pathology_ai-main\dataset_split\validation\Blight\Corn_Blight (904).JPG,Blight,Blight,0.837965,True,False
C:\Users\Administrator\Downloads\Plant Health Maize Project\corn_pathology_ai-main\dataset_split\validation\Blight\Corn_Blight (908).JPG,Blight,Common_Rust,0.925437,False,False
C:\Users\Administrator\Downloads\Plant Health Maize Project\corn_pathology_ai-main\dataset_split\validation\Blight\Corn_Blight (909).jpg,Blight,Blight,0.995969,True,False
C:\Users\Administrator\Downloads\Plant Health Maize Project\corn_pathology_ai-main\dataset_split\validation\Blight\Corn_Blight (910).JPG,Blight,Blight,0.764798,True,False
C:\Users\Administrator\Downloads\Plant Health Maize Project\corn_pathology_ai-main\dataset_split\validation\Blight\Corn_Blight (918).JPG,Blight,Blight,0.971267,True,False
C:\Users\Administrator\Downloads\Plant Health Maize Project\corn_pathology_ai-main\dataset_split\validation\Blight\Corn_Blight (927).JPG,Blight,Blight,0.612486,True,False
C:\Users\Administrator\Downloads\Plant Health Maize Project\corn_pathology_ai-main\dataset_split\validation\Blight\Corn_Blight (939).JPG,Blight,Blight,0.981308,True,False
C:\Users\Administrator\Downloads\Plant Health Maize Project\corn_pathology_ai-main\dataset_split\validation\Blight\Corn_Blight (940).JPG,Blight,Blight,0.606566,True,False
C:\Users\Administrator\Downloads\Plant Health Maize Project\corn_pathology_ai-main\dataset_split\validation\Blight\Corn_Blight (942).JPG,Blight,Blight,0.969227,True,False
C:\Users\Administrator\Downloads\Plant Health Maize Project\corn_pathology_ai-main\dataset_split\validation\Blight\Corn_Blight (943).JPG,Blight,Blight,0.708968,True,False
C:\Users\Administrator\Downloads\Plant Health Maize Project\corn_pathology_ai-main\dataset_split\validation\Blight\Corn_Blight (947).JPG,Blight,Blight,0.927199,True,False
C:\Users\Administrator\Downloads\Plant Health Maize Project\corn_pathology_ai-main\dataset_split\validation\Blight\Corn_Blight (95).jpg,Blight,Gray_Leaf_Spot,0.453889,False,True
C:\Users\Administrator\Downloads\Plant Health Maize Project\corn_pathology_ai-main\dataset_split\validation\Blight\Corn_Blight (954).JPG,Blight,Blight,0.955880,True,False
C:\Users\Administrator\Downloads\Plant Health Maize Project\corn_pathology_ai-main\dataset_split\validation\Blight\Corn_Blight (955).JPG,Blight,Blight,0.995734,True,False
C:\Users\Administrator\Downloads\Plant Health Maize Project\corn_pathology_ai-main\dataset_split\validation\Blight\Corn_Blight (972).JPG,Blight,Blight,0.803275,True,False
C:\Users\Administrator\Downloads\Plant Health Maize Project\corn_pathology_ai-main\dataset_split\validation\Blight\Corn_Blight (973).jpg,Blight,Blight,0.944199,True,False
C:\Users\Administrator\Downloads\Plant Health Maize Project\corn_pathology_ai-main\dataset_split\validation\Blight\Corn_Blight (976).JPG,Blight,Blight,0.996324,True,False
C:\Users\Administrator\Downloads\Plant Health Maize Project\corn_pathology_ai-main\dataset_split\validation\Blight\Corn_Blight (980).JPG,Blight,Gray_Leaf_Spot,0.775111,False,True
C:\Users\Administrator\Downloads\Plant Health Maize Project\corn_pathology_ai-main\dataset_split\validation\Blight\Corn_Blight (981).JPG,Blight,Blight,0.990475,True,False
C:\Users\Administrator\Downloads\Plant Health Maize Project\corn_pathology_ai-main\dataset_split\validation\Blight\Corn_Blight (982).JPG,Blight,Blight,0.970488,True,False
C:\Users\Administrator\Downloads\Plant Health Maize Project\corn_pathology_ai-main\dataset_split\validation\Blight\Corn_Blight (987).JPG,Blight,Blight,0.995482,True,False
C:\Users\Administrator\Downloads\Plant Health Maize Project\corn_pathology_ai-main\dataset_split\validation\Blight\Corn_Blight (992).JPG,Blight,Blight,0.820398,True,False
C:\Users\Administrator\Downloads\Plant Health Maize Project\corn_pathology_ai-main\dataset_split\validation\Blight\Corn_Blight (999).JPG,Blight,Blight,0.959079,True,False
C:\Users\Administrator\Downloads\Plant Health Maize Project\corn_pathology_ai-main\dataset_split\validation\Common_Rust\Corn_Common_Rust (100).JPG,Common_Rust,Common_Rust,0.997737,True,False
C:\Users\Administrator\Downloads\Plant Health Maize Project\corn_pathology_ai-main\dataset_split\validation\Common_Rust\Corn_Common_Rust (1003).JPG,Common_Rust,Common_Rust,1.000000,True,False
C:\Users\Administrator\Downloads\Plant Health Maize Project\corn_pathology_ai-main\dataset_split\validation\Common_Rust\Corn_Common_Rust (1007).JPG,Common_Rust,Common_Rust,0.999996,True,False
C:\Users\Administrator\Downloads\Plant Health Maize Project\corn_pathology_ai-main\dataset_split\validation\Common_Rust\Corn_Common_Rust (1008).JPG,Common_Rust,Common_Rust,0.999997,True,False
C:\Users\Administrator\Downloads\Plant Health Maize Project\corn_pathology_ai-main\dataset_split\validation\Common_Rust\Corn_Common_Rust (1011).JPG,Common_Rust,Common_Rust,1.000000,True,False
C:\Users\Administrator\Downloads\Plant Health Maize Project\corn_pathology_ai-main\dataset_split\validation\Common_Rust\Corn_Common_Rust (1013).JPG,Common_Rust,Common_Rust,0.999862,True,False
C:\Users\Administrator\Downloads\Plant Health Maize Project\corn_pathology_ai-main\dataset_split\validation\Common_Rust\Corn_Common_Rust (1015).JPG,Common_Rust,Common_Rust,1.000000,True,False
C:\Users\Administrator\Downloads\Plant Health Maize Project\corn_pathology_ai-main\dataset_split\validation\Common_Rust\Corn_Common_Rust (1023).JPG,Common_Rust,Common_Rust,0.999994,True,False
C:\Users\Administrator\Downloads\Plant Health Maize Project\corn_pathology_ai-main\dataset_split\validation\Common_Rust\Corn_Common_Rust (1026).JPG,Common_Rust,Common_Rust,0.999991,True,False
C:\Users\Administrator\Downloads\Plant Health Maize Project\corn_pathology_ai-main\dataset_split\validation\Common_Rust\Corn_Common_Rust (1032).JPG,Common_Rust,Common_Rust,0.999998,True,False
C:\Users\Administrator\Downloads\Plant Health Maize Project\corn_pathology_ai-main\dataset_split\validation\Common_Rust\Corn_Common_Rust (1035).JPG,Common_Rust,Common_Rust,0.999999,True,False
C:\Users\Administrator\Downloads\Plant Health Maize Project\corn_pathology_ai-main\dataset_split\validation\Common_Rust\Corn_Common_Rust (1052).JPG,Common_Rust,Common_Rust,0.999999,True,False
C:\Users\Administrator\Downloads\Plant Health Maize Project\corn_pathology_ai-main\dataset_split\validation\Common_Rust\Corn_Common_Rust (1054).JPG,Common_Rust,Common_Rust,1.000000,True,False
C:\Users\Administrator\Downloads\Plant Health Maize Project\corn_pathology_ai-main\dataset_split\validation\Common_Rust\Corn_Common_Rust (1063).JPG,Common_Rust,Common_Rust,1.000000,True,False
C:\Users\Administrator\Downloads\Plant Health Maize Project\corn_pathology_ai-main\dataset_split\validation\Common_Rust\Corn_Common_Rust (1065).JPG,Common_Rust,Common_Rust,1.000000,True,False
C:\Users\Administrator\Downloads\Plant Health Maize Project\corn_pathology_ai-main\dataset_split\validation\Common_Rust\Corn_Common_Rust (1076).JPG,Common_Rust,Common_Rust,0.999993,True,False
C:\Users\Administrator\Downloads\Plant Health Maize Project\corn_pathology_ai-main\dataset_split\validation\Common_Rust\Corn_Common_Rust (1087).JPG,Common_Rust,Common_Rust,0.999961,True,False
C:\Users\Administrator\Downloads\Plant Health Maize Project\corn_pathology_ai-main\dataset_split\validation\Common_Rust\Corn_Common_Rust (109).JPG,Common_Rust,Common_Rust,0.944277,True,False
C:\Users\Administrator\Downloads\Plant Health Maize Project\corn_pathology_ai-main\dataset_split\validation\Common_Rust\Corn_Common_Rust (1094).JPG,Common_Rust,Common_Rust,1.000000,True,False
C:\Users\Administrator\Downloads\Plant Health Maize Project\corn_pathology_ai-main\dataset_split\validation\Common_Rust\Corn_Common_Rust (110).JPG,Common_Rust,Common_Rust,0.991821,True,False
C:\Users\Administrator\Downloads\Plant Health Maize Project\corn_pathology_ai-main\dataset_split\validation\Common_Rust\Corn_Common_Rust (1112).JPG,Common_Rust,Common_Rust,0.999995,True,False
C:\Users\Administrator\Downloads\Plant Health Maize Project\corn_pathology_ai-main\dataset_split\validation\Common_Rust\Corn_Common_Rust (1120).JPG,Common_Rust,Common_Rust,0.361847,True,False
C:\Users\Administrator\Downloads\Plant Health Maize Project\corn_pathology_ai-main\dataset_split\validation\Common_Rust\Corn_Common_Rust (1125).JPG,Common_Rust,Common_Rust,0.999970,True,False
C:\Users\Administrator\Downloads\Plant Health Maize Project\corn_pathology_ai-main\dataset_split\validation\Common_Rust\Corn_Common_Rust (113).JPG,Common_Rust,Common_Rust,0.999934,True,False
C:\Users\Administrator\Downloads\Plant Health Maize Project\corn_pathology_ai-main\dataset_split\validation\Common_Rust\Corn_Common_Rust (1131).JPG,Common_Rust,Common_Rust,0.996003,True,False
C:\Users\Administrator\Downloads\Plant Health Maize Project\corn_pathology_ai-main\dataset_split\validation\Common_Rust\Corn_Common_Rust (1133).JPG,Common_Rust,Common_Rust,1.000000,True,False
C:\Users\Administrator\Downloads\Plant Health Maize Project\corn_pathology_ai-main\dataset_split\validation\Common_Rust\Corn_Common_Rust (1143).JPG,Common_Rust,Common_Rust,0.999999,True,False
C:\Users\Administrator\Downloads\Plant Health Maize Project\corn_pathology_ai-main\dataset_split\validation\Common_Rust\Corn_Common_Rust (1149).JPG,Common_Rust,Common_Rust,0.999995,True,False
C:\Users\Administrator\Downloads\Plant Health Maize Project\corn_pathology_ai-main\dataset_split\validation\Common_Rust\Corn_Common_Rust (1150).JPG,Common_Rust,Common_Rust,0.999518,True,False
C:\Users\Administrator\Downloads\Plant Health Maize Project\corn_pathology_ai-main\dataset_split\validation\Common_Rust\Corn_Common_Rust (1157).JPG,Common_Rust,Common_Rust,0.999998,True,False
C:\Users\Administrator\Downloads\Plant Health Maize Project\corn_pathology_ai-main\dataset_split\validation\Common_Rust\Corn_Common_Rust (1161).JPG,Common_Rust,Common_Rust,1.000000,True,False
C:\Users\Administrator\Downloads\Plant Health Maize Project\corn_pathology_ai-main\dataset_split\validation\Common_Rust\Corn_Common_Rust (1162).JPG,Common_Rust,Common_Rust,1.000000,True,False
C:\Users\Administrator\Downloads\Plant Health Maize Project\corn_pathology_ai-main\dataset_split\validation\Common_Rust\Corn_Common_Rust (1166).JPG,Common_Rust,Common_Rust,1.000000,True,False
C:\Users\Administrator\Downloads\Plant Health Maize Project\corn_pathology_ai-main\dataset_split\validation\Common_Rust\Corn_Common_Rust (1192).JPG,Common_Rust,Common_Rust,1.000000,True,False
C:\Users\Administrator\Downloads\Plant Health Maize Project\corn_pathology_ai-main\dataset_split\validation\Common_Rust\Corn_Common_Rust (1194).JPG,Common_Rust,Common_Rust,0.999999,True,False
C:\Users\Administrator\Downloads\Plant Health Maize Project\corn_pathology_ai-main\dataset_split\validation\Common_Rust\Corn_Common_Rust (1210).JPG,Common_Rust,Common_Rust,1.000000,True,False
C:\Users\Administrator\Downloads\Plant Health Maize Project\corn_pathology_ai-main\dataset_split\validation\Common_Rust\Corn_Common_Rust (1216).JPG,Common_Rust,Common_Rust,1.000000,True,False
C:\Users\Administrator\Downloads\Plant Health Maize Project\corn_pathology_ai-main\dataset_split\validation\Common_Rust\Corn_Common_Rust (1222).JPG,Common_Rust,Common_Rust,1.000000,True,False
C:\Users\Administrator\Downloads\Plant Health Maize Project\corn_pathology_ai-main\dataset_split\validation\Common_Rust\Corn_Common_Rust (1223).JPG,Common_Rust,Common_Rust,1.000000,True,False
C:\Users\Administrator\Downloads\Plant Health Maize Project\corn_pathology_ai-main\dataset_split\validation\Common_Rust\Corn_Common_Rust (1230).JPG,Common_Rust,Common_Rust,1.000000,True,False
C:\Users\Administrator\Downloads\Plant Health Maize Project\corn_pathology_ai-main\dataset_split\validation\Common_Rust\Corn_Common_Rust (1232).JPG,Common_Rust,Common_Rust,1.000000,True,False
C:\Users\Administrator\Downloads\Plant Health Maize Project\corn_pathology_ai-main\dataset_split\validation\Common_Rust\Corn_Common_Rust (1239).JPG,Common_Rust,Common_Rust,0.999999,True,False
C:\Users\Administrator\Downloads\Plant Health Maize Project\corn_pathology_ai-main\dataset_split\validation\Common_Rust\Corn_Common_Rust (1242).JPG,Common_Rust,Common_Rust,0.999999,True,False
C:\Users\Administrator\Downloads\Plant Health Maize Project\corn_pathology_ai-main\dataset_split\validation\Common_Rust\Corn_Common_Rust (1244).JPG,Common_Rust,Common_Rust,0.999999,True,False
C:\Users\Administrator\Downloads\Plant Health Maize Project\corn_pathology_ai-main\dataset_split\validation\Common_Rust\Corn_Common_Rust (1245).JPG,Common_Rust,Common_Rust,1.000000,True,False
C:\Users\Administrator\Downloads\Plant Health Maize Project\corn_pathology_ai-main\dataset_split\validation\Common_Rust\Corn_Common_Rust (1254).JPG,Common_Rust,Common_Rust,0.999714,True,False
C:\Users\Administrator\Downloads\Plant Health Maize Project\corn_pathology_ai-main\dataset_split\validation\Common_Rust\Corn_Common_Rust (1264).jpg,Common_Rust,Blight,0.539811,False,False
C:\Users\Administrator\Downloads\Plant Health Maize Project\corn_pathology_ai-main\dataset_split\validation\Common_Rust\Corn_Common_Rust (127).JPG,Common_Rust,Common_Rust,0.999994,True,False
C:\Users\Administrator\Downloads\Plant Health Maize Project\corn_pathology_ai-main\dataset_split\validation\Common_Rust\Corn_Common_Rust (1277).jpg,Common_Rust,Healthy,0.988095,False,False
C:\Users\Administrator\Downloads\Plant Health Maize Project\corn_pathology_ai-main\dataset_split\validation\Common_Rust\Corn_Common_Rust (1278).jpg,Common_Rust,Common_Rust,0.991068,True,False
C:\Users\Administrator\Downloads\Plant Health Maize Project\corn_pathology_ai-main\dataset_split\validation\Common_Rust\Corn_Common_Rust (128).JPG,Common_Rust,Common_Rust,1.000000,True,False
C:\Users\Administrator\Downloads\Plant Health Maize Project\corn_pathology_ai-main\dataset_split\validation\Common_Rust\Corn_Common_Rust (1285).jpg,Common_Rust,Common_Rust,0.749297,True,False
C:\Users\Administrator\Downloads\Plant Health Maize Project\corn_pathology_ai-main\dataset_split\validation\Common_Rust\Corn_Common_Rust (1295).jpg,Common_Rust,Gray_Leaf_Spot,0.459879,False,False
C:\Users\Administrator\Downloads\Plant Health Maize Project\corn_pathology_ai-main\dataset_split\validation\Common_Rust\Corn_Common_Rust (13).jpg,Common_Rust,Gray_Leaf_Spot,0.654964,False,False
C:\Users\Administrator\Downloads\Plant Health Maize Project\corn_pathology_ai-main\dataset_split\validation\Common_Rust\Corn_Common_Rust (1305).jpg,Common_Rust,Common_Rust,0.555192,True,False
C:\Users\Administrator\Downloads\Plant Health Maize Project\corn_pathology_ai-main\dataset_split\validation\Common_Rust\Corn_Common_Rust (131).JPG,Common_Rust,Common_Rust,0.999898,True,False
C:\Users\Administrator\Downloads\Plant Health Maize Project\corn_pathology_ai-main\dataset_split\validation\Common_Rust\Corn_Common_Rust (134).JPG,Common_Rust,Common_Rust,0.999928,True,False
C:\Users\Administrator\Downloads\Plant Health Maize Project\corn_pathology_ai-main\dataset_split\validation\Common_Rust\Corn_Common_Rust (145).JPG,Common_Rust,Common_Rust,0.999993,True,False
C:\Users\Administrator\Downloads\Plant Health Maize Project\corn_pathology_ai-main\dataset_split\validation\Common_Rust\Corn_Common_Rust (15).jpg,Common_Rust,Gray_Leaf_Spot,0.910235,False,False
C:\Users\Administrator\Downloads\Plant Health Maize Project\corn_pathology_ai-main\dataset_split\validation\Common_Rust\Corn_Common_Rust (150).JPG,Common_Rust,Common_Rust,0.999995,True,False
C:\Users\Administrator\Downloads\Plant Health Maize Project\corn_pathology_ai-main\dataset_split\validation\Common_Rust\Corn_Common_Rust (159).JPG,Common_Rust,Common_Rust,0.999997,True,False
C:\Users\Administrator\Downloads\Plant Health Maize Project\corn_pathology_ai-main\dataset_split\validation\Common_Rust\Corn_Common_Rust (160).JPG,Common_Rust,Common_Rust,0.999976,True,False
C:\Users\Administrator\Downloads\Plant Health Maize Project\corn_pathology_ai-main\dataset_split\validation\Common_Rust\Corn_Common_Rust (161).JPG,Common_Rust,Common_Rust,0.999993,True,False
C:\Users\Administrator\Downloads\Plant Health Maize Project\corn_pathology_ai-main\dataset_split\validation\Common_Rust\Corn_Common_Rust (172).JPG,Common_Rust,Common_Rust,0.999988,True,False
C:\Users\Administrator\Downloads\Plant Health Maize Project\corn_pathology_ai-main\dataset_split\validation\Common_Rust\Corn_Common_Rust (179).JPG,Common_Rust,Common_Rust,0.999979,True,False
C:\Users\Administrator\Downloads\Plant Health Maize Project\corn_pathology_ai-main\dataset_split\validation\Common_Rust\Corn_Common_Rust (183).JPG,Common_Rust,Common_Rust,0.610026,True,False
C:\Users\Administrator\Downloads\Plant Health Maize Project\corn_pathology_ai-main\dataset_split\validation\Common_Rust\Corn_Common_Rust (184).JPG,Common_Rust,Common_Rust,0.999996,True,False
C:\Users\Administrator\Downloads\Plant Health Maize Project\corn_pathology_ai-main\dataset_split\validation\Common_Rust\Corn_Common_Rust (188).JPG,Common_Rust,Common_Rust,0.999962,True,False
C:\Users\Administrator\Downloads\Plant Health Maize Project\corn_pathology_ai-main\dataset_split\validation\Common_Rust\Corn_Common_Rust (195).JPG,Common_Rust,Common_Rust,0.986971,True,False
C:\Users\Administrator\Downloads\Plant Health Maize Project\corn_pathology_ai-main\dataset_split\validation\Common_Rust\Corn_Common_Rust (22).jpg,Common_Rust,Common_Rust,0.691042,True,False
C:\Users\Administrator\Downloads\Plant Health Maize Project\corn_pathology_ai-main\dataset_split\validation\Common_Rust\Corn_Common_Rust (244).JPG,Common_Rust,Common_Rust,0.995878,True,False
C:\Users\Administrator\Downloads\Plant Health Maize Project\corn_pathology_ai-main\dataset_split\validation\Common_Rust\Corn_Common_Rust (25).jpg,Common_Rust,Common_Rust,0.849752,True,False
C:\Users\Administrator\Downloads\Plant Health Maize Project\corn_pathology_ai-main\dataset_split\validation\Common_Rust\Corn_Common_Rust (251).JPG,Common_Rust,Common_Rust,1.000000,True,False
C:\Users\Administrator\Downloads\Plant Health Maize Project\corn_pathology_ai-main\dataset_split\validation\Common_Rust\Corn_Common_Rust (256).JPG,Common_Rust,Common_Rust,0.999979,True,False
C:\Users\Administrator\Downloads\Plant Health Maize Project\corn_pathology_ai-main\dataset_split\validation\Common_Rust\Corn_Common_Rust (262).JPG,Common_Rust,Common_Rust,0.999977,True,False
C:\Users\Administrator\Downloads\Plant Health Maize Project\corn_pathology_ai-main\dataset_split\validation\Common_Rust\Corn_Common_Rust (266).JPG,Common_Rust,Common_Rust,0.999988,True,False
C:\Users\Administrator\Downloads\Plant Health Maize Project\corn_pathology_ai-main\dataset_split\validation\Common_Rust\Corn_Common_Rust (27).jpg,Common_Rust,Blight,0.603390,False,False
C:\Users\Administrator\Downloads\Plant Health Maize Project\corn_pathology_ai-main\dataset_split\validation\Common_Rust\Corn_Common_Rust (285).JPG,Common_Rust,Common_Rust,0.999993,True,False
C:\Users\Administrator\Downloads\Plant Health Maize Project\corn_pathology_ai-main\dataset_split\validation\Common_Rust\Corn_Common_Rust (294).JPG,Common_Rust,Common_Rust,0.999984,True,False
C:\Users\Administrator\Downloads\Plant Health Maize Project\corn_pathology_ai-main\dataset_split\validation\Common_Rust\Corn_Common_Rust (296).JPG,Common_Rust,Common_Rust,0.999991,True,False
C:\Users\Administrator\Downloads\Plant Health Maize Project\corn_pathology_ai-main\dataset_split\validation\Common_Rust\Corn_Common_Rust (313).JPG,Common_Rust,Common_Rust,0.999993,True,False
C:\Users\Administrator\Downloads\Plant Health Maize Project\corn_pathology_ai-main\dataset_split\validation\Common_Rust\Corn_Common_Rust (319).JPG,Common_Rust,Common_Rust,0.999981,True,False
C:\Users\Administrator\Downloads\Plant Health Maize Project\corn_pathology_ai-main\dataset_split\validation\Common_Rust\Corn_Common_Rust (332).JPG,Common_Rust,Common_Rust,0.999861,True,False
C:\Users\Administrator\Downloads\Plant Health Maize Project\corn_pathology_ai-main\dataset_split\validation\Common_Rust\Corn_Common_Rust (336).JPG,Common_Rust,Common_Rust,0.999999,True,False
C:\Users\Administrator\Downloads\Plant Health Maize Project\corn_pathology_ai-main\dataset_split\validation\Common_Rust\Corn_Common_Rust (338).JPG,Common_Rust,Common_Rust,1.000000,True,False
C:\Users\Administrator\Downloads\Plant Health Maize Project\corn_pathology_ai-main\dataset_split\validation\Common_Rust\Corn_Common_Rust (343).JPG,Common_Rust,Common_Rust,0.999998,True,False
C:\Users\Administrator\Downloads\Plant Health Maize Project\corn_pathology_ai-main\dataset_split\validation\Common_Rust\Corn_Common_Rust (348).JPG,Common_Rust,Common_Rust,0.999950,True,False
C:\Users\Administrator\Downloads\Plant Health Maize Project\corn_pathology_ai-main\dataset_split\validation\Common_Rust\Corn_Common_Rust (376).JPG,Common_Rust,Common_Rust,1.000000,True,False
C:\Users\Administrator\Downloads\Plant Health Maize Project\corn_pathology_ai-main\dataset_split\validation\Common_Rust\Corn_Common_Rust (389).JPG,Common_Rust,Common_Rust,0.999998,True,False
C:\Users\Administrator\Downloads\Plant Health Maize Project\corn_pathology_ai-main\dataset_split\validation\Common_Rust\Corn_Common_Rust (391).JPG,Common_Rust,Common_Rust,0.999998,True,False
C:\Users\Administrator\Downloads\Plant Health Maize Project\corn_pathology_ai-main\dataset_split\validation\Common_Rust\Corn_Common_Rust (42).jpg,Common_Rust,Common_Rust,0.656658,True,False
C:\Users\Administrator\Downloads\Plant Health Maize Project\corn_pathology_ai-main\dataset_split\validation\Common_Rust\Corn_Common_Rust (420).JPG,Common_Rust,Common_Rust,1.000000,True,False
C:\Users\Administrator\Downloads\Plant Health Maize Project\corn_pathology_ai-main\dataset_split\validation\Common_Rust\Corn_Common_Rust (425).JPG,Common_Rust,Common_Rust,1.000000,True,False
C:\Users\Administrator\Downloads\Plant Health Maize Project\corn_pathology_ai-main\dataset_split\validation\Common_Rust\Corn_Common_Rust (442).JPG,Common_Rust,Common_Rust,0.999997,True,False
C:\Users\Administrator\Downloads\Plant Health Maize Project\corn_pathology_ai-main\dataset_split\validation\Common_Rust\Corn_Common_Rust (446).JPG,Common_Rust,Common_Rust,1.000000,True,False
C:\Users\Administrator\Downloads\Plant Health Maize Project\corn_pathology_ai-main\dataset_split\validation\Common_Rust\Corn_Common_Rust (454).JPG,Common_Rust,Common_Rust,0.999976,True,False
C:\Users\Administrator\Downloads\Plant Health Maize Project\corn_pathology_ai-main\dataset_split\validation\Common_Rust\Corn_Common_Rust (457).JPG,Common_Rust,Common_Rust,0.999996,True,False
C:\Users\Administrator\Downloads\Plant Health Maize Project\corn_pathology_ai-main\dataset_split\validation\Common_Rust\Corn_Common_Rust (460).JPG,Common_Rust,Common_Rust,0.987158,True,False
C:\Users\Administrator\Downloads\Plant Health Maize Project\corn_pathology_ai-main\dataset_split\validation\Common_Rust\Corn_Common_Rust (462).JPG,Common_Rust,Common_Rust,0.999997,True,False
C:\Users\Administrator\Downloads\Plant Health Maize Project\corn_pathology_ai-main\dataset_split\validation\Common_Rust\Corn_Common_Rust (465).JPG,Common_Rust,Common_Rust,0.999904,True,False
C:\Users\Administrator\Downloads\Plant Health Maize Project\corn_pathology_ai-main\dataset_split\validation\Common_Rust\Corn_Common_Rust (473).JPG,Common_Rust,Common_Rust,0.999624,True,False
C:\Users\Administrator\Downloads\Plant Health Maize Project\corn_pathology_ai-main\dataset_split\validation\Common_Rust\Corn_Common_Rust (480).JPG,Common_Rust,Common_Rust,1.000000,True,False
C:\Users\Administrator\Downloads\Plant Health Maize Project\corn_pathology_ai-main\dataset_split\validation\Common_Rust\Corn_Common_Rust (484).JPG,Common_Rust,Common_Rust,1.000000,True,False
C:\Users\Administrator\Downloads\Plant Health Maize Project\corn_pathology_ai-main\dataset_split\validation\Common_Rust\Corn_Common_Rust (488).JPG,Common_Rust,Common_Rust,0.999999,True,False
C:\Users\Administrator\Downloads\Plant Health Maize Project\corn_pathology_ai-main\dataset_split\validation\Common_Rust\Corn_Common_Rust (494).JPG,Common_Rust,Common_Rust,0.999997,True,False
C:\Users\Administrator\Downloads\Plant Health Maize Project\corn_pathology_ai-main\dataset_split\validation\Common_Rust\Corn_Common_Rust (496).JPG,Common_Rust,Common_Rust,0.999975,True,False
C:\Users\Administrator\Downloads\Plant Health Maize Project\corn_pathology_ai-main\dataset_split\validation\Common_Rust\Corn_Common_Rust (50).jpg,Common_Rust,Common_Rust,0.993069,True,False
C:\Users\Administrator\Downloads\Plant Health Maize Project\corn_pathology_ai-main\dataset_split\validation\Common_Rust\Corn_Common_Rust (504).JPG,Common_Rust,Common_Rust,0.999999,True,False
C:\Users\Administrator\Downloads\Plant Health Maize Project\corn_pathology_ai-main\dataset_split\validation\Common_Rust\Corn_Common_Rust (505).JPG,Common_Rust,Common_Rust,1.000000,True,False
C:\Users\Administrator\Downloads\Plant Health Maize Project\corn_pathology_ai-main\dataset_split\validation\Common_Rust\Corn_Common_Rust (507).JPG,Common_Rust,Common_Rust,1.000000,True,False
C:\Users\Administrator\Downloads\Plant Health Maize Project\corn_pathology_ai-main\dataset_split\validation\Common_Rust\Corn_Common_Rust (509).JPG,Common_Rust,Common_Rust,0.995613,True,False
C:\Users\Administrator\Downloads\Plant Health Maize Project\corn_pathology_ai-main\dataset_split\validation\Common_Rust\Corn_Common_Rust (517).JPG,Common_Rust,Common_Rust,1.000000,True,False
C:\Users\Administrator\Downloads\Plant Health Maize Project\corn_pathology_ai-main\dataset_split\validation\Common_Rust\Corn_Common_Rust (518).JPG,Common_Rust,Common_Rust,0.999933,True,False
C:\Users\Administrator\Downloads\Plant Health Maize Project\corn_pathology_ai-main\dataset_split\validation\Common_Rust\Corn_Common_Rust (519).JPG,Common_Rust,Common_Rust,0.998243,True,False
C:\Users\Administrator\Downloads\Plant Health Maize Project\corn_pathology_ai-main\dataset_split\validation\Common_Rust\Corn_Common_Rust (52).jpg,Common_Rust,Common_Rust,0.976994,True,False
C:\Users\Administrator\Downloads\Plant Health Maize Project\corn_pathology_ai-main\dataset_split\validation\Common_Rust\Corn_Common_Rust (522).JPG,Common_Rust,Common_Rust,1.000000,True,False
C:\Users\Administrator\Downloads\Plant Health Maize Project\corn_pathology_ai-main\dataset_split\validation\Common_Rust\Corn_Common_Rust (525).JPG,Common_Rust,Common_Rust,0.999998,True,False
C:\Users\Administrator\Downloads\Plant Health Maize Project\corn_pathology_ai-main\dataset_split\validation\Common_Rust\Corn_Common_Rust (537).JPG,Common_Rust,Common_Rust,0.999999,True,False
C:\Users\Administrator\Downloads\Plant Health Maize Project\corn_pathology_ai-main\dataset_split\validation\Common_Rust\Corn_Common_Rust (547).JPG,Common_Rust,Common_Rust,0.999998,True,False
C:\Users\Administrator\Downloads\Plant Health Maize Project\corn_pathology_ai-main\dataset_split\validation\Common_Rust\Corn_Common_Rust (549).JPG,Common_Rust,Common_Rust,0.999997,True,False
C:\Users\Administrator\Downloads\Plant Health Maize Project\corn_pathology_ai-main\dataset_split\validation\Common_Rust\Corn_Common_Rust (556).JPG,Common_Rust,Common_Rust,1.000000,True,False
C:\Users\Administrator\Downloads\Plant Health Maize Project\corn_pathology_ai-main\dataset_split\validation\Common_Rust\Corn_Common_Rust (56).jpg,Common_Rust,Healthy,0.969715,False,False
C:\Users\Administrator\Downloads\Plant Health Maize Project\corn_pathology_ai-main\dataset_split\validation\Common_Rust\Corn_Common_Rust (563).JPG,Common_Rust,Common_Rust,0.999998,True,False
C:\Users\Administrator\Downloads\Plant Health Maize Project\corn_pathology_ai-main\dataset_split\validation\Common_Rust\Corn_Common_Rust (565).JPG,Common_Rust,Common_Rust,1.000000,True,False
C:\Users\Administrator\Downloads\Plant Health Maize Project\corn_pathology_ai-main\dataset_split\validation\Common_Rust\Corn_Common_Rust (567).JPG,Common_Rust,Common_Rust,0.999999,True,False
C:\Users\Administrator\Downloads\Plant Health Maize Project\corn_pathology_ai-main\dataset_split\validation\Common_Rust\Corn_Common_Rust (570).JPG,Common_Rust,Common_Rust,1.000000,True,False
C:\Users\Administrator\Downloads\Plant Health Maize Project\corn_pathology_ai-main\dataset_split\validation\Common_Rust\Corn_Common_Rust (583).JPG,Common_Rust,Common_Rust,1.000000,True,False
C:\Users\Administrator\Downloads\Plant Health Maize Project\corn_pathology_ai-main\dataset_split\validation\Common_Rust\Corn_Common_Rust (610).JPG,Common_Rust,Common_Rust,0.999998,True,False
C:\Users\Administrator\Downloads\Plant Health Maize Project\corn_pathology_ai-main\dataset_split\validation\Common_Rust\Corn_Common_Rust (637).JPG,Common_Rust,Common_Rust,0.999999,True,False
C:\Users\Administrator\Downloads\Plant Health Maize Project\corn_pathology_ai-main\dataset_split\validation\Common_Rust\Corn_Common_Rust (646).JPG,Common_Rust,Common_Rust,0.999856,True,False
C:\Users\Administrator\Downloads\Plant Health Maize Project\corn_pathology_ai-main\dataset_split\validation\Common_Rust\Corn_Common_Rust (655).JPG,Common_Rust,Common_Rust,0.999995,True,False
C:\Users\Administrator\Downloads\Plant Health Maize Project\corn_pathology_ai-main\dataset_split\validation\Common_Rust\Corn_Common_Rust (656).JPG,Common_Rust,Common_Rust,0.999972,True,False
C:\Users\Administrator\Downloads\Plant Health Maize Project\corn_pathology_ai-main\dataset_split\validation\Common_Rust\Corn_Common_Rust (662).JPG,Common_Rust,Common_Rust,0.999982,True,False
C:\Users\Administrator\Downloads\Plant Health Maize Project\corn_pathology_ai-main\dataset_split\validation\Common_Rust\Corn_Common_Rust (665).JPG,Common_Rust,Common_Rust,0.999386,True,False
C:\Users\Administrator\Downloads\Plant Health Maize Project\corn_pathology_ai-main\dataset_split\validation\Common_Rust\Corn_Common_Rust (666).JPG,Common_Rust,Common_Rust,0.999974,True,False
C:\Users\Administrator\Downloads\Plant Health Maize Project\corn_pathology_ai-main\dataset_split\validation\Common_Rust\Corn_Common_Rust (668).JPG,Common_Rust,Common_Rust,0.999990,True,False
C:\Users\Administrator\Downloads\Plant Health Maize Project\corn_pathology_ai-main\dataset_split\validation\Common_Rust\Corn_Common_Rust (669).JPG,Common_Rust,Common_Rust,0.999836,True,False
C:\Users\Administrator\Downloads\Plant Health Maize Project\corn_pathology_ai-main\dataset_split\validation\Common_Rust\Corn_Common_Rust (672).JPG,Common_Rust,Common_Rust,1.000000,True,False
C:\Users\Administrator\Downloads\Plant Health Maize Project\corn_pathology_ai-main\dataset_split\validation\Common_Rust\Corn_Common_Rust (677).JPG,Common_Rust,Common_Rust,1.000000,True,False
C:\Users\Administrator\Downloads\Plant Health Maize Project\corn_pathology_ai-main\dataset_split\validation\Common_Rust\Corn_Common_Rust (68).jpg,Common_Rust,Common_Rust,0.999415,True,False
C:\Users\Administrator\Downloads\Plant Health Maize Project\corn_pathology_ai-main\dataset_split\validation\Common_Rust\Corn_Common_Rust (680).JPG,Common_Rust,Common_Rust,1.000000,True,False
C:\Users\Administrator\Downloads\Plant Health Maize Project\corn_pathology_ai-main\dataset_split\validation\Common_Rust\Corn_Common_Rust (690).JPG,Common_Rust,Common_Rust,1.000000,True,False
C:\Users\Administrator\Downloads\Plant Health Maize Project\corn_pathology_ai-main\dataset_split\validation\Common_Rust\Corn_Common_Rust (70).jpg,Common_Rust,Blight,0.926313,False,False
C:\Users\Administrator\Downloads\Plant Health Maize Project\corn_pathology_ai-main\dataset_split\validation\Common_Rust\Corn_Common_Rust (705).JPG,Common_Rust,Common_Rust,1.000000,True,False
C:\Users\Administrator\Downloads\Plant Health Maize Project\corn_pathology_ai-main\dataset_split\validation\Common_Rust\Corn_Common_Rust (707).JPG,Common_Rust,Common_Rust,1.000000,True,False
C:\Users\Administrator\Downloads\Plant Health Maize Project\corn_pathology_ai-main\dataset_split\validation\Common_Rust\Corn_Common_Rust (720).JPG,Common_Rust,Common_Rust,0.999987,True,False
C:\Users\Administrator\Downloads\Plant Health Maize Project\corn_pathology_ai-main\dataset_split\validation\Common_Rust\Corn_Common_Rust (726).JPG,Common_Rust,Common_Rust,0.999999,True,False
C:\Users\Administrator\Downloads\Plant Health Maize Project\corn_pathology_ai-main\dataset_split\validation\Common_Rust\Corn_Common_Rust (729).JPG,Common_Rust,Common_Rust,1.000000,True,False
C:\Users\Administrator\Downloads\Plant Health Maize Project\corn_pathology_ai-main\dataset_split\validation\Common_Rust\Corn_Common_Rust (73).JPG,Common_Rust,Common_Rust,0.999423,True,False
C:\Users\Administrator\Downloads\Plant Health Maize Project\corn_pathology_ai-main\dataset_split\validation\Common_Rust\Corn_Common_Rust (731).JPG,Common_Rust,Common_Rust,0.999996,True,False
C:\Users\Administrator\Downloads\Plant Health Maize Project\corn_pathology_ai-main\dataset_split\validation\Common_Rust\Corn_Common_Rust (740).JPG,Common_Rust,Common_Rust,1.000000,True,False
C:\Users\Administrator\Downloads\Plant Health Maize Project\corn_pathology_ai-main\dataset_split\validation\Common_Rust\Corn_Common_Rust (743).JPG,Common_Rust,Common_Rust,1.000000,True,False
C:\Users\Administrator\Downloads\Plant Health Maize Project\corn_pathology_ai-main\dataset_split\validation\Common_Rust\Corn_Common_Rust (747).JPG,Common_Rust,Common_Rust,0.999996,True,False
C:\Users\Administrator\Downloads\Plant Health Maize Project\corn_pathology_ai-main\dataset_split\validation\Common_Rust\Corn_Common_Rust (75).JPG,Common_Rust,Common_Rust,0.999987,True,False
C:\Users\Administrator\Downloads\Plant Health Maize Project\corn_pathology_ai-main\dataset_split\validation\Common_Rust\Corn_Common_Rust (751).JPG,Common_Rust,Common_Rust,1.000000,True,False
C:\Users\Administrator\Downloads\Plant Health Maize Project\corn_pathology_ai-main\dataset_split\validation\Common_Rust\Corn_Common_Rust (759).JPG,Common_Rust,Common_Rust,1.000000,True,False
C:\Users\Administrator\Downloads\Plant Health Maize Project\corn_pathology_ai-main\dataset_split\validation\Common_Rust\Corn_Common_Rust (76).JPG,Common_Rust,Common_Rust,0.999367,True,False
C:\Users\Administrator\Downloads\Plant Health Maize Project\corn_pathology_ai-main\dataset_split\validation\Common_Rust\Corn_Common_Rust (764).JPG,Common_Rust,Common_Rust,1.000000,True,False
C:\Users\Administrator\Downloads\Plant Health Maize Project\corn_pathology_ai-main\dataset_split\validation\Common_Rust\Corn_Common_Rust (767).JPG,Common_Rust,Common_Rust,0.999993,True,False
C:\Users\Administrator\Downloads\Plant Health Maize Project\corn_pathology_ai-main\dataset_split\validation\Common_Rust\Corn_Common_Rust (779).JPG,Common_Rust,Common_Rust,0.999999,True,False
C:\Users\Administrator\Downloads\Plant Health Maize Project\corn_pathology_ai-main\dataset_split\validation\Common_Rust\Corn_Common_Rust (781).JPG,Common_Rust,Common_Rust,0.999983,True,False
C:\Users\Administrator\Downloads\Plant Health Maize Project\corn_pathology_ai-main\dataset_split\validation\Common_Rust\Corn_Common_Rust (789).JPG,Common_Rust,Common_Rust,0.999913,True,False
C:\Users\Administrator\Downloads\Plant Health Maize Project\corn_pathology_ai-main\dataset_split\validation\Common_Rust\Corn_Common_Rust (792).JPG,Common_Rust,Common_Rust,0.999996,True,False
C:\Users\Administrator\Downloads\Plant Health Maize Project\corn_pathology_ai-main\dataset_split\validation\Common_Rust\Corn_Common_Rust (80).JPG,Common_Rust,Common_Rust,0.999400,True,False
C:\Users\Administrator\Downloads\Plant Health Maize Project\corn_pathology_ai-main\dataset_split\validation\Common_Rust\Corn_Common_Rust (800).JPG,Common_Rust,Common_Rust,0.999996,True,False
C:\Users\Administrator\Downloads\Plant Health Maize Project\corn_pathology_ai-main\dataset_split\validation\Common_Rust\Corn_Common_Rust (804).JPG,Common_Rust,Common_Rust,0.898925,True,False
C:\Users\Administrator\Downloads\Plant Health Maize Project\corn_pathology_ai-main\dataset_split\validation\Common_Rust\Corn_Common_Rust (805).JPG,Common_Rust,Common_Rust,0.999932,True,False
C:\Users\Administrator\Downloads\Plant Health Maize Project\corn_pathology_ai-main\dataset_split\validation\Common_Rust\Corn_Common_Rust (82).JPG,Common_Rust,Common_Rust,0.999915,True,False
C:\Users\Administrator\Downloads\Plant Health Maize Project\corn_pathology_ai-main\dataset_split\validation\Common_Rust\Corn_Common_Rust (823).JPG,Common_Rust,Common_Rust,1.000000,True,False
C:\Users\Administrator\Downloads\Plant Health Maize Project\corn_pathology_ai-main\dataset_split\validation\Common_Rust\Corn_Common_Rust (833).JPG,Common_Rust,Common_Rust,0.998785,True,False
C:\Users\Administrator\Downloads\Plant Health Maize Project\corn_pathology_ai-main\dataset_split\validation\Common_Rust\Corn_Common_Rust (846).JPG,Common_Rust,Common_Rust,1.000000,True,False
C:\Users\Administrator\Downloads\Plant Health Maize Project\corn_pathology_ai-main\dataset_split\validation\Common_Rust\Corn_Common_Rust (848).JPG,Common_Rust,Common_Rust,0.999969,True,False
C:\Users\Administrator\Downloads\Plant Health Maize Project\corn_pathology_ai-main\dataset_split\validation\Common_Rust\Corn_Common_Rust (851).JPG,Common_Rust,Common_Rust,1.000000,True,False
C:\Users\Administrator\Downloads\Plant Health Maize Project\corn_pathology_ai-main\dataset_split\validation\Common_Rust\Corn_Common_Rust (852).JPG,Common_Rust,Common_Rust,0.999999,True,False
C:\Users\Administrator\Downloads\Plant Health Maize Project\corn_pathology_ai-main\dataset_split\validation\Common_Rust\Corn_Common_Rust (862).JPG,Common_Rust,Common_Rust,1.000000,True,False
C:\Users\Administrator\Downloads\Plant Health Maize Project\corn_pathology_ai-main\dataset_split\validation\Common_Rust\Corn_Common_Rust (867).JPG,Common_Rust,Common_Rust,1.000000,True,False
C:\Users\Administrator\Downloads\Plant Health Maize Project\corn_pathology_ai-main\dataset_split\validation\Common_Rust\Corn_Common_Rust (875).JPG,Common_Rust,Common_Rust,0.999999,True,False
C:\Users\Administrator\Downloads\Plant Health Maize Project\corn_pathology_ai-main\dataset_split\validation\Common_Rust\Corn_Common_Rust (876).JPG,Common_Rust,Common_Rust,0.999996,True,False
C:\Users\Administrator\Downloads\Plant Health Maize Project\corn_pathology_ai-main\dataset_split\validation\Common_Rust\Corn_Common_Rust (892).JPG,Common_Rust,Common_Rust,0.999999,True,False
C:\Users\Administrator\Downloads\Plant Health Maize Project\corn_pathology_ai-main\dataset_split\validation\Common_Rust\Corn_Common_Rust (901).JPG,Common_Rust,Common_Rust,1.000000,True,False
C:\Users\Administrator\Downloads\Plant Health Maize Project\corn_pathology_ai-main\dataset_split\validation\Common_Rust\Corn_Common_Rust (905).JPG,Common_Rust,Common_Rust,1.000000,True,False
C:\Users\Administrator\Downloads\Plant Health Maize Project\corn_pathology_ai-main\dataset_split\validation\Common_Rust\Corn_Common_Rust (907).JPG,Common_Rust,Common_Rust,0.999997,True,False
C:\Users\Administrator\Downloads\Plant Health Maize Project\corn_pathology_ai-main\dataset_split\validation\Common_Rust\Corn_Common_Rust (912).JPG,Common_Rust,Common_Rust,0.999996,True,False
C:\Users\Administrator\Downloads\Plant Health Maize Project\corn_pathology_ai-main\dataset_split\validation\Common_Rust\Corn_Common_Rust (917).JPG,Common_Rust,Common_Rust,1.000000,True,False
C:\Users\Administrator\Downloads\Plant Health Maize Project\corn_pathology_ai-main\dataset_split\validation\Common_Rust\Corn_Common_Rust (921).JPG,Common_Rust,Common_Rust,1.000000,True,False
C:\Users\Administrator\Downloads\Plant Health Maize Project\corn_pathology_ai-main\dataset_split\validation\Common_Rust\Corn_Common_Rust (930).JPG,Common_Rust,Common_Rust,1.000000,True,False
C:\Users\Administrator\Downloads\Plant Health Maize Project\corn_pathology_ai-main\dataset_split\validation\Common_Rust\Corn_Common_Rust (933).JPG,Common_Rust,Common_Rust,0.997552,True,False
C:\Users\Administrator\Downloads\Plant Health Maize Project\corn_pathology_ai-main\dataset_split\validation\Common_Rust\Corn_Common_Rust (95).JPG,Common_Rust,Common_Rust,0.998077,True,False
C:\Users\Administrator\Downloads\Plant Health Maize Project\corn_pathology_ai-main\dataset_split\validation\Common_Rust\Corn_Common_Rust (957).JPG,Common_Rust,Common_Rust,1.000000,True,False
C:\Users\Administrator\Downloads\Plant Health Maize Project\corn_pathology_ai-main\dataset_split\validation\Common_Rust\Corn_Common_Rust (960).JPG,Common_Rust,Common_Rust,1.000000,True,False
C:\Users\Administrator\Downloads\Plant Health Maize Project\corn_pathology_ai-main\dataset_split\validation\Common_Rust\Corn_Common_Rust (963).JPG,Common_Rust,Common_Rust,1.000000,True,False
C:\Users\Administrator\Downloads\Plant Health Maize Project\corn_pathology_ai-main\dataset_split\validation\Common_Rust\Corn_Common_Rust (965).JPG,Common_Rust,Common_Rust,0.999965,True,False
C:\Users\Administrator\Downloads\Plant Health Maize Project\corn_pathology_ai-main\dataset_split\validation\Common_Rust\Corn_Common_Rust (978).JPG,Common_Rust,Common_Rust,0.999982,True,False
C:\Users\Administrator\Downloads\Plant Health Maize Project\corn_pathology_ai-main\dataset_split\validation\Common_Rust\Corn_Common_Rust (983).JPG,Common_Rust,Common_Rust,0.999992,True,False
C:\Users\Administrator\Downloads\Plant Health Maize Project\corn_pathology_ai-main\dataset_split\validation\Common_Rust\Corn_Common_Rust (993).JPG,Common_Rust,Common_Rust,1.000000,True,False
C:\Users\Administrator\Downloads\Plant Health Maize Project\corn_pathology_ai-main\dataset_split\validation\Common_Rust\Corn_Common_Rust (995).JPG,Common_Rust,Common_Rust,0.999997,True,False
C:\Users\Administrator\Downloads\Plant Health Maize Project\corn_pathology_ai-main\dataset_split\validation\Gray_Leaf_Spot\Corn_Gray_Spot (107).JPG,Gray_Leaf_Spot,Gray_Leaf_Spot,0.935717,True,False
C:\Users\Administrator\Downloads\Plant Health Maize Project\corn_pathology_ai-main\dataset_split\validation\Gray_Leaf_Spot\Corn_Gray_Spot (113).jpg,Gray_Leaf_Spot,Gray_Leaf_Spot,0.916600,True,False
C:\Users\Administrator\Downloads\Plant Health Maize Project\corn_pathology_ai-main\dataset_split\validation\Gray_Leaf_Spot\Corn_Gray_Spot (114).jpg,Gray_Leaf_Spot,Gray_Leaf_Spot,0.984418,True,False
C:\Users\Administrator\Downloads\Plant Health Maize Project\corn_pathology_ai-main\dataset_split\validation\Gray_Leaf_Spot\Corn_Gray_Spot (115).JPG,Gray_Leaf_Spot,Gray_Leaf_Spot,0.967058,True,False
C:\Users\Administrator\Downloads\Plant Health Maize Project\corn_pathology_ai-main\dataset_split\validation\Gray_Leaf_Spot\Corn_Gray_Spot (117).JPG,Gray_Leaf_Spot,Gray_Leaf_Spot,0.989238,True,False
C:\Users\Administrator\Downloads\Plant Health Maize Project\corn_pathology_ai-main\dataset_split\validation\Gray_Leaf_Spot\Corn_Gray_Spot (124).JPG,Gray_Leaf_Spot,Gray_Leaf_Spot,0.965081,True,False
C:\Users\Administrator\Downloads\Plant Health Maize Project\corn_pathology_ai-main\dataset_split\validation\Gray_Leaf_Spot\Corn_Gray_Spot (137).JPG,Gray_Leaf_Spot,Gray_Leaf_Spot,0.937981,True,False
C:\Users\Administrator\Downloads\Plant Health Maize Project\corn_pathology_ai-main\dataset_split\validation\Gray_Leaf_Spot\Corn_Gray_Spot (138).JPG,Gray_Leaf_Spot,Gray_Leaf_Spot,0.935216,True,False
C:\Users\Administrator\Downloads\Plant Health Maize Project\corn_pathology_ai-main\dataset_split\validation\Gray_Leaf_Spot\Corn_Gray_Spot (143).JPG,Gray_Leaf_Spot,Blight,0.653764,False,True
C:\Users\Administrator\Downloads\Plant Health Maize Project\corn_pathology_ai-main\dataset_split\validation\Gray_Leaf_Spot\Corn_Gray_Spot (169).JPG,Gray_Leaf_Spot,Gray_Leaf_Spot,0.925640,True,False
C:\Users\Administrator\Downloads\Plant Health Maize Project\corn_pathology_ai-main\dataset_split\validation\Gray_Leaf_Spot\Corn_Gray_Spot (176).JPG,Gray_Leaf_Spot,Gray_Leaf_Spot,0.993833,True,False
C:\Users\Administrator\Downloads\Plant Health Maize Project\corn_pathology_ai-main\dataset_split\validation\Gray_Leaf_Spot\Corn_Gray_Spot (178).JPG,Gray_Leaf_Spot,Gray_Leaf_Spot,0.994706,True,False
C:\Users\Administrator\Downloads\Plant Health Maize Project\corn_pathology_ai-main\dataset_split\validation\Gray_Leaf_Spot\Corn_Gray_Spot (184).JPG,Gray_Leaf_Spot,Blight,0.599107,False,True
C:\Users\Administrator\Downloads\Plant Health Maize Project\corn_pathology_ai-main\dataset_split\validation\Gray_Leaf_Spot\Corn_Gray_Spot (190).JPG,Gray_Leaf_Spot,Gray_Leaf_Spot,0.973197,True,False
C:\Users\Administrator\Downloads\Plant Health Maize Project\corn_pathology_ai-main\dataset_split\validation\Gray_Leaf_Spot\Corn_Gray_Spot (194).JPG,Gray_Leaf_Spot,Gray_Leaf_Spot,0.976718,True,False
C:\Users\Administrator\Downloads\Plant Health Maize Project\corn_pathology_ai-main\dataset_split\validation\Gray_Leaf_Spot\Corn_Gray_Spot (197).JPG,Gray_Leaf_Spot,Gray_Leaf_Spot,0.956931,True,False
C:\Users\Administrator\Downloads\Plant Health Maize Project\corn_pathology_ai-main\dataset_split\validation\Gray_Leaf_Spot\Corn_Gray_Spot (201).JPG,Gray_Leaf_Spot,Gray_Leaf_Spot,0.891339,True,False
C:\Users\Administrator\Downloads\Plant Health Maize Project\corn_pathology_ai-main\dataset_split\validation\Gray_Leaf_Spot\Corn_Gray_Spot (205).JPG,Gray_Leaf_Spot,Gray_Leaf_Spot,0.965051,True,False
C:\Users\Administrator\Downloads\Plant Health Maize Project\corn_pathology_ai-main\dataset_split\validation\Gray_Leaf_Spot\Corn_Gray_Spot (209).jpg,Gray_Leaf_Spot,Gray_Leaf_Spot,0.942837,True,False
C:\Users\Administrator\Downloads\Plant Health Maize Project\corn_pathology_ai-main\dataset_split\validation\Gray_Leaf_Spot\Corn_Gray_Spot (212).JPG,Gray_Leaf_Spot,Gray_Leaf_Spot,0.863869,True,False
C:\Users\Administrator\Downloads\Plant Health Maize Project\corn_pathology_ai-main\dataset_split\validation\Gray_Leaf_Spot\Corn_Gray_Spot (215).jpg,Gray_Leaf_Spot,Gray_Leaf_Spot,0.735609,True,False
C:\Users\Administrator\Downloads\Plant Health Maize Project\corn_pathology_ai-main\dataset_split\validation\Gray_Leaf_Spot\Corn_Gray_Spot (225).jpg,Gray_Leaf_Spot,Gray_Leaf_Spot,0.779304,True,False
C:\Users\Administrator\Downloads\Plant Health Maize Project\corn_pathology_ai-main\dataset_split\validation\Gray_Leaf_Spot\Corn_Gray_Spot (232).JPG,Gray_Leaf_Spot,Gray_Leaf_Spot,0.936517,True,False
C:\Users\Administrator\Downloads\Plant Health Maize Project\corn_pathology_ai-main\dataset_split\validation\Gray_Leaf_Spot\Corn_Gray_Spot (237).JPG,Gray_Leaf_Spot,Gray_Leaf_Spot,0.937981,True,False
C:\Users\Administrator\Downloads\Plant Health Maize Project\corn_pathology_ai-main\dataset_split\validation\Gray_Leaf_Spot\Corn_Gray_Spot (243).JPG,Gray_Leaf_Spot,Gray_Leaf_Spot,0.908278,True,False
C:\Users\Administrator\Downloads\Plant Health Maize Project\corn_pathology_ai-main\dataset_split\validation\Gray_Leaf_Spot\Corn_Gray_Spot (247).JPG,Gray_Leaf_Spot,Gray_Leaf_Spot,0.962769,True,False
C:\Users\Administrator\Downloads\Plant Health Maize Project\corn_pathology_ai-main\dataset_split\validation\Gray_Leaf_Spot\Corn_Gray_Spot (254).JPG,Gray_Leaf_Spot,Gray_Leaf_Spot,0.948872,True,False
C:\Users\Administrator\Downloads\Plant Health Maize Project\corn_pathology_ai-main\dataset_split\validation\Gray_Leaf_Spot\Corn_Gray_Spot (256).jpg,Gray_Leaf_Spot,Gray_Leaf_Spot,0.904533,True,False
C:\Users\Administrator\Downloads\Plant Health Maize Project\corn_pathology_ai-main\dataset_split\validation\Gray_Leaf_Spot\Corn_Gray_Spot (262).JPG,Gray_Leaf_Spot,Gray_Leaf_Spot,0.981926,True,False
C:\Users\Administrator\Downloads\Plant Health Maize Project\corn_pathology_ai-main\dataset_split\validation\Gray_Leaf_Spot\Corn_Gray_Spot (265).jpg,Gray_Leaf_Spot,Gray_Leaf_Spot,0.951346,True,False
C:\Users\Administrator\Downloads\Plant Health Maize Project\corn_pathology_ai-main\dataset_split\validation\Gray_Leaf_Spot\Corn_Gray_Spot (271).JPG,Gray_Leaf_Spot,Gray_Leaf_Spot,0.980024,True,False
C:\Users\Administrator\Downloads\Plant Health Maize Project\corn_pathology_ai-main\dataset_split\validation\Gray_Leaf_Spot\Corn_Gray_Spot (272).jpg,Gray_Leaf_Spot,Gray_Leaf_Spot,0.702527,True,False
C:\Users\Administrator\Downloads\Plant Health Maize Project\corn_pathology_ai-main\dataset_split\validation\Gray_Leaf_Spot\Corn_Gray_Spot (291).JPG,Gray_Leaf_Spot,Gray_Leaf_Spot,0.945100,True,False
C:\Users\Administrator\Downloads\Plant Health Maize Project\corn_pathology_ai-main\dataset_split\validation\Gray_Leaf_Spot\Corn_Gray_Spot (298).JPG,Gray_Leaf_Spot,Gray_Leaf_Spot,0.843660,True,False
C:\Users\Administrator\Downloads\Plant Health Maize Project\corn_pathology_ai-main\dataset_split\validation\Gray_Leaf_Spot\Corn_Gray_Spot (300).JPG,Gray_Leaf_Spot,Gray_Leaf_Spot,0.982199,True,False
C:\Users\Administrator\Downloads\Plant Health Maize Project\corn_pathology_ai-main\dataset_split\validation\Gray_Leaf_Spot\Corn_Gray_Spot (304).JPG,Gray_Leaf_Spot,Gray_Leaf_Spot,0.866208,True,False
C:\Users\Administrator\Downloads\Plant Health Maize Project\corn_pathology_ai-main\dataset_split\validation\Gray_Leaf_Spot\Corn_Gray_Spot (308).JPG,Gray_Leaf_Spot,Gray_Leaf_Spot,0.834205,True,False
C:\Users\Administrator\Downloads\Plant Health Maize Project\corn_pathology_ai-main\dataset_split\validation\Gray_Leaf_Spot\Corn_Gray_Spot (310).JPG,Gray_Leaf_Spot,Gray_Leaf_Spot,0.994055,True,False
C:\Users\Administrator\Downloads\Plant Health Maize Project\corn_pathology_ai-main\dataset_split\validation\Gray_Leaf_Spot\Corn_Gray_Spot (317).JPG,Gray_Leaf_Spot,Gray_Leaf_Spot,0.969542,True,False
C:\Users\Administrator\Downloads\Plant Health Maize Project\corn_pathology_ai-main\dataset_split\validation\Gray_Leaf_Spot\Corn_Gray_Spot (33).jpg,Gray_Leaf_Spot,Blight,0.613733,False,True
C:\Users\Administrator\Downloads\Plant Health Maize Project\corn_pathology_ai-main\dataset_split\validation\Gray_Leaf_Spot\Corn_Gray_Spot (339).JPG,Gray_Leaf_Spot,Gray_Leaf_Spot,0.988038,True,False
C:\Users\Administrator\Downloads\Plant Health Maize Project\corn_pathology_ai-main\dataset_split\validation\Gray_Leaf_Spot\Corn_Gray_Spot (341).JPG,Gray_Leaf_Spot,Blight,0.628219,False,True
C:\Users\Administrator\Downloads\Plant Health Maize Project\corn_pathology_ai-main\dataset_split\validation\Gray_Leaf_Spot\Corn_Gray_Spot (349).JPG,Gray_Leaf_Spot,Gray_Leaf_Spot,0.990280,True,False
C:\Users\Administrator\Downloads\Plant Health Maize Project\corn_pathology_ai-main\dataset_split\validation\Gray_Leaf_Spot\Corn_Gray_Spot (354).JPG,Gray_Leaf_Spot,Gray_Leaf_Spot,0.947172,True,False
C:\Users\Administrator\Downloads\Plant Health Maize Project\corn_pathology_ai-main\dataset_split\validation\Gray_Leaf_Spot\Corn_Gray_Spot (356).JPG,Gray_Leaf_Spot,Gray_Leaf_Spot,0.992942,True,False
C:\Users\Administrator\Downloads\Plant Health Maize Project\corn_pathology_ai-main\dataset_split\validation\Gray_Leaf_Spot\Corn_Gray_Spot (359).JPG,Gray_Leaf_Spot,Gray_Leaf_Spot,0.931777,True,False
C:\Users\Administrator\Downloads\Plant Health Maize Project\corn_pathology_ai-main\dataset_split\validation\Gray_Leaf_Spot\Corn_Gray_Spot (388).JPG,Gray_Leaf_Spot,Gray_Leaf_Spot,0.977401,True,False
C:\Users\Administrator\Downloads\Plant Health Maize Project\corn_pathology_ai-main\dataset_split\validation\Gray_Leaf_Spot\Corn_Gray_Spot (391).JPG,Gray_Leaf_Spot,Gray_Leaf_Spot,0.961103,True,False
C:\Users\Administrator\Downloads\Plant Health Maize Project\corn_pathology_ai-main\dataset_split\validation\Gray_Leaf_Spot\Corn_Gray_Spot (402).JPG,Gray_Leaf_Spot,Gray_Leaf_Spot,0.957441,True,False
C:\Users\Administrator\Downloads\Plant Health Maize Project\corn_pathology_ai-main\dataset_split\validation\Gray_Leaf_Spot\Corn_Gray_Spot (41).jpg,Gray_Leaf_Spot,Blight,0.868096,False,True
C:\Users\Administrator\Downloads\Plant Health Maize Project\corn_pathology_ai-main\dataset_split\validation\Gray_Leaf_Spot\Corn_Gray_Spot (412).JPG,Gray_Leaf_Spot,Gray_Leaf_Spot,0.714414,True,False
C:\Users\Administrator\Downloads\Plant Health Maize Project\corn_pathology_ai-main\dataset_split\validation\Gray_Leaf_Spot\Corn_Gray_Spot (414).JPG,Gray_Leaf_Spot,Gray_Leaf_Spot,0.925265,True,False
C:\Users\Administrator\Downloads\Plant Health Maize Project\corn_pathology_ai-main\dataset_split\validation\Gray_Leaf_Spot\Corn_Gray_Spot (436).JPG,Gray_Leaf_Spot,Gray_Leaf_Spot,0.910513,True,False
C:\Users\Administrator\Downloads\Plant Health Maize Project\corn_pathology_ai-main\dataset_split\validation\Gray_Leaf_Spot\Corn_Gray_Spot (438).JPG,Gray_Leaf_Spot,Gray_Leaf_Spot,0.982797,True,False
C:\Users\Administrator\Downloads\Plant Health Maize Project\corn_pathology_ai-main\dataset_split\validation\Gray_Leaf_Spot\Corn_Gray_Spot (44).jpg,Gray_Leaf_Spot,Blight,0.825464,False,True
C:\Users\Administrator\Downloads\Plant Health Maize Project\corn_pathology_ai-main\dataset_split\validation\Gray_Leaf_Spot\Corn_Gray_Spot (441).JPG,Gray_Leaf_Spot,Gray_Leaf_Spot,0.937031,True,False
C:\Users\Administrator\Downloads\Plant Health Maize Project\corn_pathology_ai-main\dataset_split\validation\Gray_Leaf_Spot\Corn_Gray_Spot (443).JPG,Gray_Leaf_Spot,Gray_Leaf_Spot,0.954112,True,False
C:\Users\Administrator\Downloads\Plant Health Maize Project\corn_pathology_ai-main\dataset_split\validation\Gray_Leaf_Spot\Corn_Gray_Spot (446).JPG,Gray_Leaf_Spot,Gray_Leaf_Spot,0.951227,True,False
C:\Users\Administrator\Downloads\Plant Health Maize Project\corn_pathology_ai-main\dataset_split\validation\Gray_Leaf_Spot\Corn_Gray_Spot (452).JPG,Gray_Leaf_Spot,Gray_Leaf_Spot,0.694174,True,False
C:\Users\Administrator\Downloads\Plant Health Maize Project\corn_pathology_ai-main\dataset_split\validation\Gray_Leaf_Spot\Corn_Gray_Spot (453).JPG,Gray_Leaf_Spot,Gray_Leaf_Spot,0.841207,True,False
C:\Users\Administrator\Downloads\Plant Health Maize Project\corn_pathology_ai-main\dataset_split\validation\Gray_Leaf_Spot\Corn_Gray_Spot (459).JPG,Gray_Leaf_Spot,Gray_Leaf_Spot,0.788367,True,False
C:\Users\Administrator\Downloads\Plant Health Maize Project\corn_pathology_ai-main\dataset_split\validation\Gray_Leaf_Spot\Corn_Gray_Spot (46).jpg,Gray_Leaf_Spot,Gray_Leaf_Spot,0.534418,True,False
C:\Users\Administrator\Downloads\Plant Health Maize Project\corn_pathology_ai-main\dataset_split\validation\Gray_Leaf_Spot\Corn_Gray_Spot (461).JPG,Gray_Leaf_Spot,Gray_Leaf_Spot,0.943427,True,False
C:\Users\Administrator\Downloads\Plant Health Maize Project\corn_pathology_ai-main\dataset_split\validation\Gray_Leaf_Spot\Corn_Gray_Spot (472).JPG,Gray_Leaf_Spot,Gray_Leaf_Spot,0.942237,True,False
C:\Users\Administrator\Downloads\Plant Health Maize Project\corn_pathology_ai-main\dataset_split\validation\Gray_Leaf_Spot\Corn_Gray_Spot (474).jpg,Gray_Leaf_Spot,Blight,0.587573,False,True
C:\Users\Administrator\Downloads\Plant Health Maize Project\corn_pathology_ai-main\dataset_split\validation\Gray_Leaf_Spot\Corn_Gray_Spot (488).JPG,Gray_Leaf_Spot,Gray_Leaf_Spot,0.997505,True,False
C:\Users\Administrator\Downloads\Plant Health Maize Project\corn_pathology_ai-main\dataset_split\validation\Gray_Leaf_Spot\Corn_Gray_Spot (490).JPG,Gray_Leaf_Spot,Gray_Leaf_Spot,0.994796,True,False
C:\Users\Administrator\Downloads\Plant Health Maize Project\corn_pathology_ai-main\dataset_split\validation\Gray_Leaf_Spot\Corn_Gray_Spot (498).JPG,Gray_Leaf_Spot,Gray_Leaf_Spot,0.972670,True,False
C:\Users\Administrator\Downloads\Plant Health Maize Project\corn_pathology_ai-main\dataset_split\validation\Gray_Leaf_Spot\Corn_Gray_Spot (5).jpg,Gray_Leaf_Spot,Gray_Leaf_Spot,0.424266,True,False
C:\Users\Administrator\Downloads\Plant Health Maize Project\corn_pathology_ai-main\dataset_split\validation\Gray_Leaf_Spot\Corn_Gray_Spot (503).JPG,Gray_Leaf_Spot,Gray_Leaf_Spot,0.951275,True,False
C:\Users\Administrator\Downloads\Plant Health Maize Project\corn_pathology_ai-main\dataset_split\validation\Gray_Leaf_Spot\Corn_Gray_Spot (505).JPG,Gray_Leaf_Spot,Gray_Leaf_Spot,0.950682,True,False
C:\Users\Administrator\Downloads\Plant Health Maize Project\corn_pathology_ai-main\dataset_split\validation\Gray_Leaf_Spot\Corn_Gray_Spot (510).JPG,Gray_Leaf_Spot,Gray_Leaf_Spot,0.992659,True,False
C:\Users\Administrator\Downloads\Plant Health Maize Project\corn_pathology_ai-main\dataset_split\validation\Gray_Leaf_Spot\Corn_Gray_Spot (514).JPG,Gray_Leaf_Spot,Gray_Leaf_Spot,0.965144,True,False
C:\Users\Administrator\Downloads\Plant Health Maize Project\corn_pathology_ai-main\dataset_split\validation\Gray_Leaf_Spot\Corn_Gray_Spot (530).JPG,Gray_Leaf_Spot,Gray_Leaf_Spot,0.801902,True,False
C:\Users\Administrator\Downloads\Plant Health Maize Project\corn_pathology_ai-main\dataset_split\validation\Gray_Leaf_Spot\Corn_Gray_Spot (531).JPG,Gray_Leaf_Spot,Gray_Leaf_Spot,0.951852,True,False
C:\Users\Administrator\Downloads\Plant Health Maize Project\corn_pathology_ai-main\dataset_split\validation\Gray_Leaf_Spot\Corn_Gray_Spot (536).JPG,Gray_Leaf_Spot,Gray_Leaf_Spot,0.954452,True,False
C:\Users\Administrator\Downloads\Plant Health Maize Project\corn_pathology_ai-main\dataset_split\validation\Gray_Leaf_Spot\Corn_Gray_Spot (538).JPG,Gray_Leaf_Spot,Gray_Leaf_Spot,0.821893,True,False
C:\Users\Administrator\Downloads\Plant Health Maize Project\corn_pathology_ai-main\dataset_split\validation\Gray_Leaf_Spot\Corn_Gray_Spot (542).jpg,Gray_Leaf_Spot,Blight,0.429003,False,True
C:\Users\Administrator\Downloads\Plant Health Maize Project\corn_pathology_ai-main\dataset_split\validation\Gray_Leaf_Spot\Corn_Gray_Spot (547).JPG,Gray_Leaf_Spot,Blight,0.651247,False,True
C:\Users\Administrator\Downloads\Plant Health Maize Project\corn_pathology_ai-main\dataset_split\validation\Gray_Leaf_Spot\Corn_Gray_Spot (561).JPG,Gray_Leaf_Spot,Gray_Leaf_Spot,0.957863,True,False
C:\Users\Administrator\Downloads\Plant Health Maize Project\corn_pathology_ai-main\dataset_split\validation\Gray_Leaf_Spot\Corn_Gray_Spot (76).JPG,Gray_Leaf_Spot,Gray_Leaf_Spot,0.822340,True,False
C:\Users\Administrator\Downloads\Plant Health Maize Project\corn_pathology_ai-main\dataset_split\validation\Gray_Leaf_Spot\Corn_Gray_Spot (81).JPG,Gray_Leaf_Spot,Gray_Leaf_Spot,0.983514,True,False
C:\Users\Administrator\Downloads\Plant Health Maize Project\corn_pathology_ai-main\dataset_split\validation\Gray_Leaf_Spot\Corn_Gray_Spot (85).JPG,Gray_Leaf_Spot,Gray_Leaf_Spot,0.894753,True,False
C:\Users\Administrator\Downloads\Plant Health Maize Project\corn_pathology_ai-main\dataset_split\validation\Gray_Leaf_Spot\Corn_Gray_Spot (92).JPG,Gray_Leaf_Spot,Gray_Leaf_Spot,0.885024,True,False
C:\Users\Administrator\Downloads\Plant Health Maize Project\corn_pathology_ai-main\dataset_split\validation\Gray_Leaf_Spot\Corn_Gray_Spot (94).JPG,Gray_Leaf_Spot,Gray_Leaf_Spot,0.853008,True,False
C:\Users\Administrator\Downloads\Plant Health Maize Project\corn_pathology_ai-main\dataset_split\validation\Gray_Leaf_Spot\Corn_Gray_Spot (98).jpg,Gray_Leaf_Spot,Gray_Leaf_Spot,0.633579,True,False
C:\Users\Administrator\Downloads\Plant Health Maize Project\corn_pathology_ai-main\dataset_split\validation\Healthy\Corn_Health (1025).jpg,Healthy,Healthy,0.999651,True,False
C:\Users\Administrator\Downloads\Plant Health Maize Project\corn_pathology_ai-main\dataset_split\validation\Healthy\Corn_Health (1034).jpg,Healthy,Healthy,0.999219,True,False
C:\Users\Administrator\Downloads\Plant Health Maize Project\corn_pathology_ai-main\dataset_split\validation\Healthy\Corn_Health (1054).jpg,Healthy,Healthy,0.999534,True,False
C:\Users\Administrator\Downloads\Plant Health Maize Project\corn_pathology_ai-main\dataset_split\validation\Healthy\Corn_Health (1063).jpg,Healthy,Healthy,0.998326,True,False
C:\Users\Administrator\Downloads\Plant Health Maize Project\corn_pathology_ai-main\dataset_split\validation\Healthy\Corn_Health (1065).jpg,Healthy,Healthy,0.999971,True,False
C:\Users\Administrator\Downloads\Plant Health Maize Project\corn_pathology_ai-main\dataset_split\validation\Healthy\Corn_Health (1066).jpg,Healthy,Healthy,0.998827,True,False
C:\Users\Administrator\Downloads\Plant Health Maize Project\corn_pathology_ai-main\dataset_split\validation\Healthy\Corn_Health (1072).jpg,Healthy,Healthy,0.999580,True,False
C:\Users\Administrator\Downloads\Plant Health Maize Project\corn_pathology_ai-main\dataset_split\validation\Healthy\Corn_Health (1073).jpg,Healthy,Healthy,0.998677,True,False
C:\Users\Administrator\Downloads\Plant Health Maize Project\corn_pathology_ai-main\dataset_split\validation\Healthy\Corn_Health (1078).jpg,Healthy,Healthy,0.999940,True,False
C:\Users\Administrator\Downloads\Plant Health Maize Project\corn_pathology_ai-main\dataset_split\validation\Healthy\Corn_Health (1081).jpg,Healthy,Healthy,0.999745,True,False
C:\Users\Administrator\Downloads\Plant Health Maize Project\corn_pathology_ai-main\dataset_split\validation\Healthy\Corn_Health (1090).jpg,Healthy,Healthy,0.999715,True,False
C:\Users\Administrator\Downloads\Plant Health Maize Project\corn_pathology_ai-main\dataset_split\validation\Healthy\Corn_Health (1103).jpg,Healthy,Healthy,0.999758,True,False
C:\Users\Administrator\Downloads\Plant Health Maize Project\corn_pathology_ai-main\dataset_split\validation\Healthy\Corn_Health (1110).jpg,Healthy,Healthy,0.999963,True,False
C:\Users\Administrator\Downloads\Plant Health Maize Project\corn_pathology_ai-main\dataset_split\validation\Healthy\Corn_Health (1116).jpg,Healthy,Healthy,0.999847,True,False
C:\Users\Administrator\Downloads\Plant Health Maize Project\corn_pathology_ai-main\dataset_split\validation\Healthy\Corn_Health (1126).jpg,Healthy,Healthy,0.999696,True,False
C:\Users\Administrator\Downloads\Plant Health Maize Project\corn_pathology_ai-main\dataset_split\validation\Healthy\Corn_Health (1135).jpg,Healthy,Healthy,0.999648,True,False
C:\Users\Administrator\Downloads\Plant Health Maize Project\corn_pathology_ai-main\dataset_split\validation\Healthy\Corn_Health (1152).jpg,Healthy,Healthy,0.999877,True,False
C:\Users\Administrator\Downloads\Plant Health Maize Project\corn_pathology_ai-main\dataset_split\validation\Healthy\Corn_Health (1154).jpg,Healthy,Healthy,0.998730,True,False
C:\Users\Administrator\Downloads\Plant Health Maize Project\corn_pathology_ai-main\dataset_split\validation\Healthy\Corn_Health (1162).jpg,Healthy,Healthy,0.999402,True,False
C:\Users\Administrator\Downloads\Plant Health Maize Project\corn_pathology_ai-main\dataset_split\validation\Healthy\Corn_Health (120).jpg,Healthy,Healthy,0.998436,True,False
C:\Users\Administrator\Downloads\Plant Health Maize Project\corn_pathology_ai-main\dataset_split\validation\Healthy\Corn_Health (125).jpg,Healthy,Healthy,0.998864,True,False
C:\Users\Administrator\Downloads\Plant Health Maize Project\corn_pathology_ai-main\dataset_split\validation\Healthy\Corn_Health (126).jpg,Healthy,Healthy,0.993794,True,False
C:\Users\Administrator\Downloads\Plant Health Maize Project\corn_pathology_ai-main\dataset_split\validation\Healthy\Corn_Health (127).jpg,Healthy,Healthy,0.999989,True,False
C:\Users\Administrator\Downloads\Plant Health Maize Project\corn_pathology_ai-main\dataset_split\validation\Healthy\Corn_Health (128).jpg,Healthy,Healthy,0.999564,True,False
C:\Users\Administrator\Downloads\Plant Health Maize Project\corn_pathology_ai-main\dataset_split\validation\Healthy\Corn_Health (132).jpg,Healthy,Healthy,0.999057,True,False
C:\Users\Administrator\Downloads\Plant Health Maize Project\corn_pathology_ai-main\dataset_split\validation\Healthy\Corn_Health (133).jpg,Healthy,Healthy,0.999811,True,False
C:\Users\Administrator\Downloads\Plant Health Maize Project\corn_pathology_ai-main\dataset_split\validation\Healthy\Corn_Health (135).jpg,Healthy,Healthy,0.999200,True,False
C:\Users\Administrator\Downloads\Plant Health Maize Project\corn_pathology_ai-main\dataset_split\validation\Healthy\Corn_Health (151).jpg,Healthy,Healthy,0.999988,True,False
C:\Users\Administrator\Downloads\Plant Health Maize Project\corn_pathology_ai-main\dataset_split\validation\Healthy\Corn_Health (156).jpg,Healthy,Healthy,0.999439,True,False
C:\Users\Administrator\Downloads\Plant Health Maize Project\corn_pathology_ai-main\dataset_split\validation\Healthy\Corn_Health (160).jpg,Healthy,Healthy,0.999676,True,False
C:\Users\Administrator\Downloads\Plant Health Maize Project\corn_pathology_ai-main\dataset_split\validation\Healthy\Corn_Health (163).jpg,Healthy,Healthy,0.999049,True,False
C:\Users\Administrator\Downloads\Plant Health Maize Project\corn_pathology_ai-main\dataset_split\validation\Healthy\Corn_Health (175).jpg,Healthy,Healthy,0.999994,True,False
C:\Users\Administrator\Downloads\Plant Health Maize Project\corn_pathology_ai-main\dataset_split\validation\Healthy\Corn_Health (177).jpg,Healthy,Healthy,0.999987,True,False
C:\Users\Administrator\Downloads\Plant Health Maize Project\corn_pathology_ai-main\dataset_split\validation\Healthy\Corn_Health (188).jpg,Healthy,Healthy,0.999341,True,False
C:\Users\Administrator\Downloads\Plant Health Maize Project\corn_pathology_ai-main\dataset_split\validation\Healthy\Corn_Health (190).jpg,Healthy,Healthy,0.999931,True,False
C:\Users\Administrator\Downloads\Plant Health Maize Project\corn_pathology_ai-main\dataset_split\validation\Healthy\Corn_Health (191).jpg,Healthy,Healthy,0.999703,True,False
C:\Users\Administrator\Downloads\Plant Health Maize Project\corn_pathology_ai-main\dataset_split\validation\Healthy\Corn_Health (193).jpg,Healthy,Healthy,0.998662,True,False
C:\Users\Administrator\Downloads\Plant Health Maize Project\corn_pathology_ai-main\dataset_split\validation\Healthy\Corn_Health (195).jpg,Healthy,Healthy,0.999992,True,False
C:\Users\Administrator\Downloads\Plant Health Maize Project\corn_pathology_ai-main\dataset_split\validation\Healthy\Corn_Health (202).jpg,Healthy,Healthy,0.998653,True,False
C:\Users\Administrator\Downloads\Plant Health Maize Project\corn_pathology_ai-main\dataset_split\validation\Healthy\Corn_Health (204).jpg,Healthy,Healthy,0.999116,True,False
C:\Users\Administrator\Downloads\Plant Health Maize Project\corn_pathology_ai-main\dataset_split\validation\Healthy\Corn_Health (206).jpg,Healthy,Healthy,0.999645,True,False
C:\Users\Administrator\Downloads\Plant Health Maize Project\corn_pathology_ai-main\dataset_split\validation\Healthy\Corn_Health (209).jpg,Healthy,Healthy,0.999835,True,False
C:\Users\Administrator\Downloads\Plant Health Maize Project\corn_pathology_ai-main\dataset_split\validation\Healthy\Corn_Health (212).jpg,Healthy,Healthy,0.994755,True,False
C:\Users\Administrator\Downloads\Plant Health Maize Project\corn_pathology_ai-main\dataset_split\validation\Healthy\Corn_Health (216).jpg,Healthy,Healthy,0.999981,True,False
C:\Users\Administrator\Downloads\Plant Health Maize Project\corn_pathology_ai-main\dataset_split\validation\Healthy\Corn_Health (222).jpg,Healthy,Healthy,0.999946,True,False
C:\Users\Administrator\Downloads\Plant Health Maize Project\corn_pathology_ai-main\dataset_split\validation\Healthy\Corn_Health (223).jpg,Healthy,Healthy,0.999743,True,False
C:\Users\Administrator\Downloads\Plant Health Maize Project\corn_pathology_ai-main\dataset_split\validation\Healthy\Corn_Health (238).jpg,Healthy,Healthy,0.999861,True,False
C:\Users\Administrator\Downloads\Plant Health Maize Project\corn_pathology_ai-main\dataset_split\validation\Healthy\Corn_Health (24).jpg,Healthy,Healthy,0.999411,True,False
C:\Users\Administrator\Downloads\Plant Health Maize Project\corn_pathology_ai-main\dataset_split\validation\Healthy\Corn_Health (243).jpg,Healthy,Healthy,0.999860,True,False
C:\Users\Administrator\Downloads\Plant Health Maize Project\corn_pathology_ai-main\dataset_split\validation\Healthy\Corn_Health (244).jpg,Healthy,Healthy,0.999402,True,False
C:\Users\Administrator\Downloads\Plant Health Maize Project\corn_pathology_ai-main\dataset_split\validation\Healthy\Corn_Health (250).jpg,Healthy,Healthy,0.999655,True,False
C:\Users\Administrator\Downloads\Plant Health Maize Project\corn_pathology_ai-main\dataset_split\validation\Healthy\Corn_Health (260).jpg,Healthy,Healthy,0.999811,True,False
C:\Users\Administrator\Downloads\Plant Health Maize Project\corn_pathology_ai-main\dataset_split\validation\Healthy\Corn_Health (265).jpg,Healthy,Healthy,0.999914,True,False
C:\Users\Administrator\Downloads\Plant Health Maize Project\corn_pathology_ai-main\dataset_split\validation\Healthy\Corn_Health (273).jpg,Healthy,Healthy,0.999520,True,False
C:\Users\Administrator\Downloads\Plant Health Maize Project\corn_pathology_ai-main\dataset_split\validation\Healthy\Corn_Health (276).JPG,Healthy,Healthy,0.999646,True,False
C:\Users\Administrator\Downloads\Plant Health Maize Project\corn_pathology_ai-main\dataset_split\validation\Healthy\Corn_Health (278).jpg,Healthy,Healthy,0.999722,True,False
C:\Users\Administrator\Downloads\Plant Health Maize Project\corn_pathology_ai-main\dataset_split\validation\Healthy\Corn_Health (279).jpg,Healthy,Healthy,0.999222,True,False
C:\Users\Administrator\Downloads\Plant Health Maize Project\corn_pathology_ai-main\dataset_split\validation\Healthy\Corn_Health (29).jpg,Healthy,Healthy,0.999983,True,False
C:\Users\Administrator\Downloads\Plant Health Maize Project\corn_pathology_ai-main\dataset_split\validation\Healthy\Corn_Health (290).jpg,Healthy,Healthy,0.999806,True,False
C:\Users\Administrator\Downloads\Plant Health Maize Project\corn_pathology_ai-main\dataset_split\validation\Healthy\Corn_Health (291).jpg,Healthy,Healthy,0.999985,True,False
C:\Users\Administrator\Downloads\Plant Health Maize Project\corn_pathology_ai-main\dataset_split\validation\Healthy\Corn_Health (292).jpg,Healthy,Healthy,0.999661,True,False
C:\Users\Administrator\Downloads\Plant Health Maize Project\corn_pathology_ai-main\dataset_split\validation\Healthy\Corn_Health (294).jpg,Healthy,Healthy,0.999945,True,False
C:\Users\Administrator\Downloads\Plant Health Maize Project\corn_pathology_ai-main\dataset_split\validation\Healthy\Corn_Health (307).jpg,Healthy,Healthy,0.999870,True,False
C:\Users\Administrator\Downloads\Plant Health Maize Project\corn_pathology_ai-main\dataset_split\validation\Healthy\Corn_Health (315).jpg,Healthy,Healthy,0.999953,True,False
C:\Users\Administrator\Downloads\Plant Health Maize Project\corn_pathology_ai-main\dataset_split\validation\Healthy\Corn_Health (329).jpg,Healthy,Healthy,0.999640,True,False
C:\Users\Administrator\Downloads\Plant Health Maize Project\corn_pathology_ai-main\dataset_split\validation\Healthy\Corn_Health (33).jpg,Healthy,Healthy,0.999964,True,False
C:\Users\Administrator\Downloads\Plant Health Maize Project\corn_pathology_ai-main\dataset_split\validation\Healthy\Corn_Health (333).jpg,Healthy,Healthy,0.999984,True,False
C:\Users\Administrator\Downloads\Plant Health Maize Project\corn_pathology_ai-main\dataset_split\validation\Healthy\Corn_Health (34).jpg,Healthy,Healthy,0.999839,True,False
C:\Users\Administrator\Downloads\Plant Health Maize Project\corn_pathology_ai-main\dataset_split\validation\Healthy\Corn_Health (342).jpg,Healthy,Healthy,0.999886,True,False
C:\Users\Administrator\Downloads\Plant Health Maize Project\corn_pathology_ai-main\dataset_split\validation\Healthy\Corn_Health (346).jpg,Healthy,Healthy,0.999973,True,False
C:\Users\Administrator\Downloads\Plant Health Maize Project\corn_pathology_ai-main\dataset_split\validation\Healthy\Corn_Health (350).jpg,Healthy,Healthy,0.999890,True,False
C:\Users\Administrator\Downloads\Plant Health Maize Project\corn_pathology_ai-main\dataset_split\validation\Healthy\Corn_Health (352).jpg,Healthy,Healthy,0.999847,True,False
C:\Users\Administrator\Downloads\Plant Health Maize Project\corn_pathology_ai-main\dataset_split\validation\Healthy\Corn_Health (357).jpg,Healthy,Healthy,0.999979,True,False
C:\Users\Administrator\Downloads\Plant Health Maize Project\corn_pathology_ai-main\dataset_split\validation\Healthy\Corn_Health (360).jpg,Healthy,Healthy,0.999758,True,False
C:\Users\Administrator\Downloads\Plant Health Maize Project\corn_pathology_ai-main\dataset_split\validation\Healthy\Corn_Health (362).jpg,Healthy,Healthy,0.999493,True,False
C:\Users\Administrator\Downloads\Plant Health Maize Project\corn_pathology_ai-main\dataset_split\validation\Healthy\Corn_Health (370).jpg,Healthy,Healthy,0.999773,True,False
C:\Users\Administrator\Downloads\Plant Health Maize Project\corn_pathology_ai-main\dataset_split\validation\Healthy\Corn_Health (381).jpg,Healthy,Healthy,0.999985,True,False
C:\Users\Administrator\Downloads\Plant Health Maize Project\corn_pathology_ai-main\dataset_split\validation\Healthy\Corn_Health (384).jpg,Healthy,Healthy,0.999776,True,False
C:\Users\Administrator\Downloads\Plant Health Maize Project\corn_pathology_ai-main\dataset_split\validation\Healthy\Corn_Health (386).jpg,Healthy,Healthy,0.999119,True,False
C:\Users\Administrator\Downloads\Plant Health Maize Project\corn_pathology_ai-main\dataset_split\validation\Healthy\Corn_Health (387).jpg,Healthy,Healthy,0.999661,True,False
C:\Users\Administrator\Downloads\Plant Health Maize Project\corn_pathology_ai-main\dataset_split\validation\Healthy\Corn_Health (389).jpg,Healthy,Healthy,0.999832,True,False
C:\Users\Administrator\Downloads\Plant Health Maize Project\corn_pathology_ai-main\dataset_split\validation\Healthy\Corn_Health (39).jpg,Healthy,Healthy,0.998590,True,False
C:\Users\Administrator\Downloads\Plant Health Maize Project\corn_pathology_ai-main\dataset_split\validation\Healthy\Corn_Health (397).jpg,Healthy,Healthy,0.999968,True,False
C:\Users\Administrator\Downloads\Plant Health Maize Project\corn_pathology_ai-main\dataset_split\validation\Healthy\Corn_Health (406).jpg,Healthy,Healthy,0.999324,True,False
C:\Users\Administrator\Downloads\Plant Health Maize Project\corn_pathology_ai-main\dataset_split\validation\Healthy\Corn_Health (42).jpg,Healthy,Healthy,0.999900,True,False
C:\Users\Administrator\Downloads\Plant Health Maize Project\corn_pathology_ai-main\dataset_split\validation\Healthy\Corn_Health (431).jpg,Healthy,Common_Rust,0.426569,False,False
C:\Users\Administrator\Downloads\Plant Health Maize Project\corn_pathology_ai-main\dataset_split\validation\Healthy\Corn_Health (446).jpg,Healthy,Healthy,0.999681,True,False
C:\Users\Administrator\Downloads\Plant Health Maize Project\corn_pathology_ai-main\dataset_split\validation\Healthy\Corn_Health (448).jpg,Healthy,Healthy,0.999945,True,False
C:\Users\Administrator\Downloads\Plant Health Maize Project\corn_pathology_ai-main\dataset_split\validation\Healthy\Corn_Health (45).jpg,Healthy,Healthy,0.999504,True,False
C:\Users\Administrator\Downloads\Plant Health Maize Project\corn_pathology_ai-main\dataset_split\validation\Healthy\Corn_Health (451).jpg,Healthy,Healthy,0.989117,True,False
C:\Users\Administrator\Downloads\Plant Health Maize Project\corn_pathology_ai-main\dataset_split\validation\Healthy\Corn_Health (454).jpg,Healthy,Healthy,0.999116,True,False
C:\Users\Administrator\Downloads\Plant Health Maize Project\corn_pathology_ai-main\dataset_split\validation\Healthy\Corn_Health (459).JPG,Healthy,Healthy,0.989171,True,False
C:\Users\Administrator\Downloads\Plant Health Maize Project\corn_pathology_ai-main\dataset_split\validation\Healthy\Corn_Health (466).jpg,Healthy,Healthy,0.999776,True,False
C:\Users\Administrator\Downloads\Plant Health Maize Project\corn_pathology_ai-main\dataset_split\validation\Healthy\Corn_Health (468).jpg,Healthy,Healthy,0.999937,True,False
C:\Users\Administrator\Downloads\Plant Health Maize Project\corn_pathology_ai-main\dataset_split\validation\Healthy\Corn_Health (478).jpg,Healthy,Healthy,0.999749,True,False
C:\Users\Administrator\Downloads\Plant Health Maize Project\corn_pathology_ai-main\dataset_split\validation\Healthy\Corn_Health (489).jpg,Healthy,Healthy,0.999949,True,False
C:\Users\Administrator\Downloads\Plant Health Maize Project\corn_pathology_ai-main\dataset_split\validation\Healthy\Corn_Health (494).jpg,Healthy,Healthy,0.999879,True,False
C:\Users\Administrator\Downloads\Plant Health Maize Project\corn_pathology_ai-main\dataset_split\validation\Healthy\Corn_Health (508).jpg,Healthy,Healthy,0.999673,True,False
C:\Users\Administrator\Downloads\Plant Health Maize Project\corn_pathology_ai-main\dataset_split\validation\Healthy\Corn_Health (51).jpg,Healthy,Healthy,0.999812,True,False
C:\Users\Administrator\Downloads\Plant Health Maize Project\corn_pathology_ai-main\dataset_split\validation\Healthy\Corn_Health (514).jpg,Healthy,Healthy,0.999324,True,False
C:\Users\Administrator\Downloads\Plant Health Maize Project\corn_pathology_ai-main\dataset_split\validation\Healthy\Corn_Health (517).jpg,Healthy,Healthy,0.999581,True,False
C:\Users\Administrator\Downloads\Plant Health Maize Project\corn_pathology_ai-main\dataset_split\validation\Healthy\Corn_Health (521).jpg,Healthy,Healthy,0.999994,True,False
C:\Users\Administrator\Downloads\Plant Health Maize Project\corn_pathology_ai-main\dataset_split\validation\Healthy\Corn_Health (527).jpg,Healthy,Healthy,0.999987,True,False
C:\Users\Administrator\Downloads\Plant Health Maize Project\corn_pathology_ai-main\dataset_split\validation\Healthy\Corn_Health (528).jpg,Healthy,Healthy,0.999599,True,False
C:\Users\Administrator\Downloads\Plant Health Maize Project\corn_pathology_ai-main\dataset_split\validation\Healthy\Corn_Health (533).jpg,Healthy,Healthy,0.999890,True,False
C:\Users\Administrator\Downloads\Plant Health Maize Project\corn_pathology_ai-main\dataset_split\validation\Healthy\Corn_Health (544).jpg,Healthy,Healthy,0.999559,True,False
C:\Users\Administrator\Downloads\Plant Health Maize Project\corn_pathology_ai-main\dataset_split\validation\Healthy\Corn_Health (545).jpg,Healthy,Healthy,0.999822,True,False
C:\Users\Administrator\Downloads\Plant Health Maize Project\corn_pathology_ai-main\dataset_split\validation\Healthy\Corn_Health (548).jpg,Healthy,Healthy,0.993520,True,False
C:\Users\Administrator\Downloads\Plant Health Maize Project\corn_pathology_ai-main\dataset_split\validation\Healthy\Corn_Health (553).jpg,Healthy,Healthy,0.998694,True,False
C:\Users\Administrator\Downloads\Plant Health Maize Project\corn_pathology_ai-main\dataset_split\validation\Healthy\Corn_Health (554).jpg,Healthy,Healthy,0.999774,True,False
C:\Users\Administrator\Downloads\Plant Health Maize Project\corn_pathology_ai-main\dataset_split\validation\Healthy\Corn_Health (555).jpg,Healthy,Healthy,0.999988,True,False
C:\Users\Administrator\Downloads\Plant Health Maize Project\corn_pathology_ai-main\dataset_split\validation\Healthy\Corn_Health (558).jpg,Healthy,Healthy,0.999927,True,False
C:\Users\Administrator\Downloads\Plant Health Maize Project\corn_pathology_ai-main\dataset_split\validation\Healthy\Corn_Health (562).jpg,Healthy,Healthy,0.987939,True,False
C:\Users\Administrator\Downloads\Plant Health Maize Project\corn_pathology_ai-main\dataset_split\validation\Healthy\Corn_Health (563).jpg,Healthy,Healthy,0.999939,True,False
C:\Users\Administrator\Downloads\Plant Health Maize Project\corn_pathology_ai-main\dataset_split\validation\Healthy\Corn_Health (570).jpg,Healthy,Healthy,0.999992,True,False
C:\Users\Administrator\Downloads\Plant Health Maize Project\corn_pathology_ai-main\dataset_split\validation\Healthy\Corn_Health (572).jpg,Healthy,Healthy,0.999875,True,False
C:\Users\Administrator\Downloads\Plant Health Maize Project\corn_pathology_ai-main\dataset_split\validation\Healthy\Corn_Health (583).jpg,Healthy,Healthy,0.996006,True,False
C:\Users\Administrator\Downloads\Plant Health Maize Project\corn_pathology_ai-main\dataset_split\validation\Healthy\Corn_Health (584).jpg,Healthy,Healthy,0.999944,True,False
C:\Users\Administrator\Downloads\Plant Health Maize Project\corn_pathology_ai-main\dataset_split\validation\Healthy\Corn_Health (586).jpg,Healthy,Healthy,0.999949,True,False
C:\Users\Administrator\Downloads\Plant Health Maize Project\corn_pathology_ai-main\dataset_split\validation\Healthy\Corn_Health (603).jpg,Healthy,Healthy,0.999949,True,False
C:\Users\Administrator\Downloads\Plant Health Maize Project\corn_pathology_ai-main\dataset_split\validation\Healthy\Corn_Health (607).jpg,Healthy,Healthy,0.999749,True,False
C:\Users\Administrator\Downloads\Plant Health Maize Project\corn_pathology_ai-main\dataset_split\validation\Healthy\Corn_Health (615).jpg,Healthy,Healthy,0.999272,True,False
C:\Users\Administrator\Downloads\Plant Health Maize Project\corn_pathology_ai-main\dataset_split\validation\Healthy\Corn_Health (626).jpg,Healthy,Healthy,0.999613,True,False
C:\Users\Administrator\Downloads\Plant Health Maize Project\corn_pathology_ai-main\dataset_split\validation\Healthy\Corn_Health (628).jpg,Healthy,Healthy,0.999858,True,False
C:\Users\Administrator\Downloads\Plant Health Maize Project\corn_pathology_ai-main\dataset_split\validation\Healthy\Corn_Health (633).jpg,Healthy,Healthy,0.995824,True,False
C:\Users\Administrator\Downloads\Plant Health Maize Project\corn_pathology_ai-main\dataset_split\validation\Healthy\Corn_Health (639).jpg,Healthy,Healthy,0.998580,True,False
C:\Users\Administrator\Downloads\Plant Health Maize Project\corn_pathology_ai-main\dataset_split\validation\Healthy\Corn_Health (646).jpg,Healthy,Healthy,0.998845,True,False
C:\Users\Administrator\Downloads\Plant Health Maize Project\corn_pathology_ai-main\dataset_split\validation\Healthy\Corn_Health (660).jpg,Healthy,Healthy,0.992830,True,False
C:\Users\Administrator\Downloads\Plant Health Maize Project\corn_pathology_ai-main\dataset_split\validation\Healthy\Corn_Health (662).jpg,Healthy,Healthy,0.998324,True,False
C:\Users\Administrator\Downloads\Plant Health Maize Project\corn_pathology_ai-main\dataset_split\validation\Healthy\Corn_Health (669).jpg,Healthy,Healthy,0.999971,True,False
C:\Users\Administrator\Downloads\Plant Health Maize Project\corn_pathology_ai-main\dataset_split\validation\Healthy\Corn_Health (67).jpg,Healthy,Healthy,0.999913,True,False
C:\Users\Administrator\Downloads\Plant Health Maize Project\corn_pathology_ai-main\dataset_split\validation\Healthy\Corn_Health (684).jpg,Healthy,Healthy,0.999441,True,False
C:\Users\Administrator\Downloads\Plant Health Maize Project\corn_pathology_ai-main\dataset_split\validation\Healthy\Corn_Health (691).jpg,Healthy,Healthy,0.999953,True,False
C:\Users\Administrator\Downloads\Plant Health Maize Project\corn_pathology_ai-main\dataset_split\validation\Healthy\Corn_Health (701).jpg,Healthy,Healthy,0.999881,True,False
C:\Users\Administrator\Downloads\Plant Health Maize Project\corn_pathology_ai-main\dataset_split\validation\Healthy\Corn_Health (714).jpg,Healthy,Healthy,0.999972,True,False
C:\Users\Administrator\Downloads\Plant Health Maize Project\corn_pathology_ai-main\dataset_split\validation\Healthy\Corn_Health (719).jpg,Healthy,Healthy,0.999933,True,False
C:\Users\Administrator\Downloads\Plant Health Maize Project\corn_pathology_ai-main\dataset_split\validation\Healthy\Corn_Health (720).jpg,Healthy,Healthy,0.999663,True,False
C:\Users\Administrator\Downloads\Plant Health Maize Project\corn_pathology_ai-main\dataset_split\validation\Healthy\Corn_Health (721).jpg,Healthy,Healthy,0.999979,True,False
C:\Users\Administrator\Downloads\Plant Health Maize Project\corn_pathology_ai-main\dataset_split\validation\Healthy\Corn_Health (730).jpg,Healthy,Healthy,0.999885,True,False
C:\Users\Administrator\Downloads\Plant Health Maize Project\corn_pathology_ai-main\dataset_split\validation\Healthy\Corn_Health (745).jpg,Healthy,Healthy,0.999982,True,False
C:\Users\Administrator\Downloads\Plant Health Maize Project\corn_pathology_ai-main\dataset_split\validation\Healthy\Corn_Health (756).jpg,Healthy,Healthy,0.999804,True,False
C:\Users\Administrator\Downloads\Plant Health Maize Project\corn_pathology_ai-main\dataset_split\validation\Healthy\Corn_Health (771).jpg,Healthy,Healthy,0.999964,True,False
C:\Users\Administrator\Downloads\Plant Health Maize Project\corn_pathology_ai-main\dataset_split\validation\Healthy\Corn_Health (779).jpg,Healthy,Healthy,0.999590,True,False
C:\Users\Administrator\Downloads\Plant Health Maize Project\corn_pathology_ai-main\dataset_split\validation\Healthy\Corn_Health (794).jpg,Healthy,Healthy,0.995981,True,False
C:\Users\Administrator\Downloads\Plant Health Maize Project\corn_pathology_ai-main\dataset_split\validation\Healthy\Corn_Health (796).jpg,Healthy,Healthy,0.999951,True,False
C:\Users\Administrator\Downloads\Plant Health Maize Project\corn_pathology_ai-main\dataset_split\validation\Healthy\Corn_Health (800).jpg,Healthy,Healthy,0.999897,True,False
C:\Users\Administrator\Downloads\Plant Health Maize Project\corn_pathology_ai-main\dataset_split\validation\Healthy\Corn_Health (805).jpg,Healthy,Healthy,0.999723,True,False
C:\Users\Administrator\Downloads\Plant Health Maize Project\corn_pathology_ai-main\dataset_split\validation\Healthy\Corn_Health (824).jpg,Healthy,Healthy,0.999914,True,False
C:\Users\Administrator\Downloads\Plant Health Maize Project\corn_pathology_ai-main\dataset_split\validation\Healthy\Corn_Health (829).jpg,Healthy,Healthy,0.999669,True,False
C:\Users\Administrator\Downloads\Plant Health Maize Project\corn_pathology_ai-main\dataset_split\validation\Healthy\Corn_Health (834).jpg,Healthy,Healthy,0.999585,True,False
C:\Users\Administrator\Downloads\Plant Health Maize Project\corn_pathology_ai-main\dataset_split\validation\Healthy\Corn_Health (847).jpg,Healthy,Healthy,0.998788,True,False
C:\Users\Administrator\Downloads\Plant Health Maize Project\corn_pathology_ai-main\dataset_split\validation\Healthy\Corn_Health (853).jpg,Healthy,Healthy,0.999914,True,False
C:\Users\Administrator\Downloads\Plant Health Maize Project\corn_pathology_ai-main\dataset_split\validation\Healthy\Corn_Health (860).jpg,Healthy,Healthy,0.999779,True,False
C:\Users\Administrator\Downloads\Plant Health Maize Project\corn_pathology_ai-main\dataset_split\validation\Healthy\Corn_Health (864).jpg,Healthy,Healthy,0.990008,True,False
C:\Users\Administrator\Downloads\Plant Health Maize Project\corn_pathology_ai-main\dataset_split\validation\Healthy\Corn_Health (873).jpg,Healthy,Healthy,0.997917,True,False
C:\Users\Administrator\Downloads\Plant Health Maize Project\corn_pathology_ai-main\dataset_split\validation\Healthy\Corn_Health (899).jpg,Healthy,Healthy,0.999902,True,False
C:\Users\Administrator\Downloads\Plant Health Maize Project\corn_pathology_ai-main\dataset_split\validation\Healthy\Corn_Health (904).jpg,Healthy,Healthy,0.999329,True,False
C:\Users\Administrator\Downloads\Plant Health Maize Project\corn_pathology_ai-main\dataset_split\validation\Healthy\Corn_Health (905).jpg,Healthy,Healthy,0.999798,True,False
C:\Users\Administrator\Downloads\Plant Health Maize Project\corn_pathology_ai-main\dataset_split\validation\Healthy\Corn_Health (906).jpg,Healthy,Healthy,0.999364,True,False
C:\Users\Administrator\Downloads\Plant Health Maize Project\corn_pathology_ai-main\dataset_split\validation\Healthy\Corn_Health (907).jpg,Healthy,Healthy,0.999530,True,False
C:\Users\Administrator\Downloads\Plant Health Maize Project\corn_pathology_ai-main\dataset_split\validation\Healthy\Corn_Health (916).jpg,Healthy,Healthy,0.999970,True,False
C:\Users\Administrator\Downloads\Plant Health Maize Project\corn_pathology_ai-main\dataset_split\validation\Healthy\Corn_Health (919).jpg,Healthy,Healthy,0.999986,True,False
C:\Users\Administrator\Downloads\Plant Health Maize Project\corn_pathology_ai-main\dataset_split\validation\Healthy\Corn_Health (920).jpg,Healthy,Healthy,0.999914,True,False
C:\Users\Administrator\Downloads\Plant Health Maize Project\corn_pathology_ai-main\dataset_split\validation\Healthy\Corn_Health (930).jpg,Healthy,Healthy,0.999986,True,False
C:\Users\Administrator\Downloads\Plant Health Maize Project\corn_pathology_ai-main\dataset_split\validation\Healthy\Corn_Health (933).jpg,Healthy,Healthy,0.999942,True,False
C:\Users\Administrator\Downloads\Plant Health Maize Project\corn_pathology_ai-main\dataset_split\validation\Healthy\Corn_Health (934).jpg,Healthy,Healthy,0.998335,True,False
C:\Users\Administrator\Downloads\Plant Health Maize Project\corn_pathology_ai-main\dataset_split\validation\Healthy\Corn_Health (935).jpg,Healthy,Healthy,0.994556,True,False
C:\Users\Administrator\Downloads\Plant Health Maize Project\corn_pathology_ai-main\dataset_split\validation\Healthy\Corn_Health (948).jpg,Healthy,Healthy,0.999961,True,False
C:\Users\Administrator\Downloads\Plant Health Maize Project\corn_pathology_ai-main\dataset_split\validation\Healthy\Corn_Health (965).jpg,Healthy,Healthy,0.998884,True,False
C:\Users\Administrator\Downloads\Plant Health Maize Project\corn_pathology_ai-main\dataset_split\validation\Healthy\Corn_Health (966).jpg,Healthy,Healthy,0.997876,True,False
C:\Users\Administrator\Downloads\Plant Health Maize Project\corn_pathology_ai-main\dataset_split\validation\Healthy\Corn_Health (968).jpg,Healthy,Healthy,0.999961,True,False
C:\Users\Administrator\Downloads\Plant Health Maize Project\corn_pathology_ai-main\dataset_split\validation\Healthy\Corn_Health (972).jpg,Healthy,Healthy,0.999985,True,False
C:\Users\Administrator\Downloads\Plant Health Maize Project\corn_pathology_ai-main\dataset_split\validation\Healthy\Corn_Health (975).jpg,Healthy,Healthy,0.999892,True,False
C:\Users\Administrator\Downloads\Plant Health Maize Project\corn_pathology_ai-main\dataset_split\validation\Healthy\Corn_Health (979).jpg,Healthy,Healthy,0.999963,True,False
C:\Users\Administrator\Downloads\Plant Health Maize Project\corn_pathology_ai-main\dataset_split\validation\Healthy\Corn_Health (992).jpg,Healthy,Healthy,0.999809,True,False
